OBJECTID,ID,METLNKID,FEATTYPE,SECCLASS,NAME,AREA_,PHONE,ADDRESS,ADDRESS2,CITY,STATE,ZIP,ZIPP4,COUNTY,FIPS,DIRECTIONS,EMERGTITLE,EMERGPHONE,EMERGEXT,CONTDATE,CONTHOW,GEODATE,GEOHOW,NAICSCODE,NAICSDESCR,GEOLINKID,X,Y,ST_VENDOR,ST_VERSION,GEOPREC,PHONELOC,QC_QA,DEGREE,ENROLL,GlobalID,created_user,created_date,last_edited_user,last_edited_date
105,10275998, ,POINT,UNCLASSIFIED,ITT TECHNICAL INSTITUTE,770,426-2300,1000 COBB PLACE BOULEVARD NORTHWEST,BUILDING 300 SUITE 300,KENNESAW,GA,30144,3682,COBB,13067,ENTRANCE TO ENTITY IS LOCATED ON THE NW SIDE OF COBB PLACE BLVD NW APPROX 0.13 MILES SW OF THE INTERSECTION OF COBB PLACE BLVD NW AND VAUGHN RD NW, , , ,2012-02-07T00:00:00.000Z,PHONE,2007-07-10T00:00:00.000Z,MANUAL,61151,TECHNICAL AND TRADE SCHOOLS,22829109,-84.585757,34.007538,NAVTEQ,2006Q4,ONENTITY,YES,TGS,BACHELOR'S DEGREE,161,{B0E3168B-E6A8-4452-9047-2A9F1862F221},,,,
116,10275880, ,POINT,UNCLASSIFIED,LINCOLN COLLEGE OF TECHNOLOGY - NORCROSS,678,966-9411,5675 JIMMY CARTER BOULEVARD,SUITE 100,NORCROSS,GA,30071,2933,GWINNETT,13135,NORTHEAST SIDE OF JIMMY CARTER BLVD APPROXIMATELY 0.07 MILES SOUTHEAST OF GOSHEN SPRINGS RD NW., , , ,2012-02-07T00:00:00.000Z,PHONE,2007-07-11T00:00:00.000Z,MANUAL,61151,TECHNICAL AND TRADE SCHOOLS,22705237,-84.207171,33.914647,NAVTEQ,2006Q4,ONENTITY,YES,TGS,ASSOCIATE'S DEGREE,314,{489981CE-1523-45B1-87D4-2A6F5A5248BD},,,,
124,10275775, ,POINT,UNCLASSIFIED,EVEREST INSTITUTE - ATLANTA,404,327-8787,1706 NORTHEAST EXPRESSWAY, ,ATLANTA,GA,30329,2004,DEKALB,13089,LOCATED NW OF I-85 S BETWEEN OLD BRIARWOOD NE AND BRIARWOOD CT NE., , , ,2012-02-07T00:00:00.000Z,PHONE,2007-07-11T00:00:00.000Z,MANUAL,61151,TECHNICAL AND TRADE SCHOOLS,22657425,-84.324445,33.837964,NAVTEQ,2006Q4,BLOCKFACE,YES,TGS,ASSOCIATE'S DEGREE,634,{698E43FD-2178-4F95-9120-5385860D0F62},,,,
154,,,POINT,UNCLASSIFIED,EVEREST INSTITUTE - DECATUR,404,327-8787,2460 WESLEY CHAPEL ROAD,,DECATUR,GA,30035,2004,DEKALB,13089,LOCATED NW OF I-85 S BETWEEN OLD BRIARWOOD NE AND BRIARWOOD CT NE.,,,,2012-02-08T00:00:00.000Z,PHONE,2012-02-08T00:00:00.000Z,PHOTO,611310,TECHNICAL AND TRADE SCHOOLS,,-84.211818,33.715594,NAVTEQ,2006Q4,ONENTITY,YES,TGS,ASSOCIATE'S DEGREE,146,{B9D6122B-7C33-448A-A2D7-EFFE956445AE},,,,
159,,,POINT,UNCLASSIFIED,GEORGIA STATE UNIVERSITY - McDONOUGH,,,125 WESTRIDGE INDUSTRIAL BLVD,,McDONOUGH,GA,30253,,HENRY,,,,,,2012-02-08T00:00:00.000Z,PHONE,2012-02-08T00:00:00.000Z,PHOTO,611310,UNIVERSITIES,,-84.191957,33.415323,NAVTEQ,2006Q4,ONENTITY,YES,TGS,BACHELOR'S DEGREE,1206,{F28E9DBE-6E5A-44D3-A249-2DF331A16477},,,,
169,,,POINT,UNCLASSIFIED,CENTRAL MICHIGAN UNIVERSITY - MARIETTA,770,933-7660,2120 POWERS FERRY ROAD SE,,MARIETTA,GA,30339,,COBB,13067,,,,,2012-02-09T00:00:00.000Z,PHONE,2012-02-09T00:00:00.000Z,PHOTO,,UNIVERSITIES,,-84.449535,33.900404,NAVTEQ,2006Q4,ONENTITY,YES,TGS,BACHELOR'S DEGREE,,{41735E06-7EA6-4C87-BEB7-E4D2DA7FF612},,,,
170,,,POINT,UNCLASSIFIED,CENTRAL MICHIGAN UNIVERSITY,770,621-8687,1957 LAKESIDE PARKWAY,,TUCKER,GA,30084,,DEKALB,13089,,,,,2012-02-09T00:00:00.000Z,PHONE,2012-02-09T00:00:00.000Z,PHOTO,,UNIVERSITIES,,-84.239572,33.840604,NAVTEQ,2006Q4,ONENTITY,YES,TGS,BACHELOR'S DEGREE,,{DC740F71-CF13-49E1-9FA3-8A103FA84379},,,,
171,,,POINT,UNCLASSIFIED,WESTWOOD COLLEGE - TUCKER,877,214-3047,2309 PARKLAKE DRIVE,,TUCKER,GA,30345,,DEKALB,13089,,,,,2012-02-09T00:00:00.000Z,PHONE,2012-02-09T00:00:00.000Z,PHOTO,,COLLEGES (EXCEPT JUNIOR COLLEGES),,-84.249154,33.845077,NAVTEQ,2006Q4,ONENTITY,YES,TGS,ASSOCIATE'S DEGREE,586,{DB7A2130-EB9A-410E-8CEB-370B363635E9},,,,
6,10272959, ,POINT,UNCLASSIFIED,SPELMAN COLLEGE,404,681-3643,350 SPELMAN LN SW, ,ATLANTA,GA,30314,4399,FULTON,13121, , , , ,2012-02-07T00:00:00.000Z,PHONE,2007-06-26T00:00:00.000Z,AUTO,611310,COLLEGES (EXCEPT JUNIOR COLLEGES),133514760,-84.408637,33.745595,NAVTEQ,2006Q4,BLOCKFACE,YES,TGS,BACHELOR'S DEGREE,2318,{72961DD9-10BC-40A9-A59F-649056198037},,,SDE,2016-01-26T15:40:23.000Z
12,10272892, ,POINT,UNCLASSIFIED,INTERACTIVE COLLEGE OF TECHNOLOGY - CHAMBLEE,770,216-2960,5303 NEW PEACHTREE RD, ,CHAMBLEE,GA,30341,2818,DEKALB,13089, , , , ,2012-02-07T00:00:00.000Z,PHONE,2007-06-26T00:00:00.000Z,AUTO,61151,TECHNICAL AND TRADE SCHOOLS,127188494,-84.303019,33.888132,NAVTEQ,2006Q4,BLOCKFACE,YES,TGS,ASSOCIATE'S DEGREE,209,{9F124BC7-8A45-4345-8690-7EBE3455C0CB},,,SDE,2016-02-22T20:41:25.000Z
13,10272173, ,POINT,UNCLASSIFIED,BEULAH HEIGHTS UNIVERSITY (renamed),404,627-2681,892 BERNE ST SE, ,ATLANTA,GA,30316,1873,FULTON,13121, , , , ,2012-02-07T00:00:00.000Z,PHONE,2007-06-26T00:00:00.000Z,AUTO,611310,THEOLOGICAL SEMINARIES OFFERING BACCALAUREATE OR GRADUATE DEGREES,124569847,-84.35827,33.736789,NAVTEQ,2006Q4,BLOCKFACE,YES,TGS,BACHELOR'S DEGREE,611,{76791D8F-F928-48CB-B587-5CAEA5CF2CC7},,,SDE,2016-01-25T19:26:41.000Z
16,10271644, ,POINT,UNCLASSIFIED,GEORGIA PERIMETER COLLEGE - DECATUR,678,891-2300,3251 PANTHERSVILLE RD, ,DECATUR,GA,30034,3832,DEKALB,13089, , , , ,2012-02-07T00:00:00.000Z,PHONE,2007-06-26T00:00:00.000Z,AUTO,611310,COLLEGES (EXCEPT JUNIOR COLLEGES),127188688,-84.272794,33.690104,NAVTEQ,2006Q4,BLOCKFACE,YES,TGS,ASSOCIATE'S DEGREE,20461,{C0B7A909-3849-44ED-B8D1-76A4812594BC},,,SDE,2016-01-25T18:23:25.000Z
22,10272952, ,POINT,UNCLASSIFIED,REINHARDT UNIVERSITY,770,720-5600,7300 REINHARDT COLLEGE CIR, ,WALESKA,GA,30183,2981,CHEROKEE,13057, , , , ,2012-02-07T00:00:00.000Z,PHONE,2007-06-26T00:00:00.000Z,AUTO,611310,COLLEGES (EXCEPT JUNIOR COLLEGES),118170879,-84.554362,34.318803,NAVTEQ,2006Q4,BLOCKFACE,YES,TGS,BACHELOR'S DEGREE,1010,{CDB438D6-6532-44FC-A39B-9C2324183A5E},,,SDE,2016-02-19T19:00:11.000Z
25,10272944, ,POINT,UNCLASSIFIED,MOREHOUSE COLLEGE,404,681-2800,830 WESTVIEW DR SW, ,ATLANTA,GA,30314,3773,FULTON,13121, , , , ,2012-02-07T00:00:00.000Z,PHONE,2007-06-26T00:00:00.000Z,AUTO,611310,COLLEGES (EXCEPT JUNIOR COLLEGES),22708651,-84.415206,33.746318,NAVTEQ,2006Q4,BLOCKFACE,YES,TGS,BACHELOR'S DEGREE,3029,{A69A09D8-0FEF-4B4D-AB9D-45EDE8FC09E5},,,SDE,2016-01-25T18:27:29.000Z
30,10272898, ,POINT,UNCLASSIFIED,ATLANTA TECHNICAL COLLEGE,404,225-4603,1560 METROPOLITAN PKY SW, ,ATLANTA,GA,30310,4446,FULTON,13121, , , , ,2012-02-07T00:00:00.000Z,PHONE,2007-06-26T00:00:00.000Z,AUTO,61151,TECHNICAL AND TRADE SCHOOLS,22711670,-84.407564,33.712944,NAVTEQ,2006Q4,BLOCKFACE,YES,TGS,"AT LEAST 2, BUT LESS THAN 4 ACADEMIC YRS",3523,{FF663A9C-3442-4586-96B1-E87145087C3E},,,SDE,2016-01-25T18:28:30.000Z
32,10272895, ,POINT,UNCLASSIFIED,AMERICAN INTERCONTINENTAL UNIVERSITY,404,965-5700,"3300 PEACHTREE RD., NE", ,ATLANTA,GA,30326,,FULTON,, , , , ,2012-02-07T00:00:00.000Z,PHONE,2007-06-26T00:00:00.000Z,AUTO,611310,UNIVERSITIES,,-84.368492,33.846704,NAVTEQ,2006Q4,BLOCKFACE,YES,TGS,MASTER'S DEGREE,1599,{F935A1E3-B939-4D51-98F6-BF0C5B3AE90E},,,SDE,2016-01-25T19:01:00.000Z
33,10272891, ,POINT,UNCLASSIFIED,AGNES SCOTT COLLEGE,404,471-6000,141 E. COLLEGE AVE, ,DECATUR,GA,30030,3770,DEKALB,13089, , , , ,2012-02-07T00:00:00.000Z,PHONE,2007-06-26T00:00:00.000Z,AUTO,611310,COLLEGES (EXCEPT JUNIOR COLLEGES),127182283,-84.29528,33.769813,NAVTEQ,2006Q4,BLOCKFACE,YES,TGS,MASTER'S DEGREE,1016,{FFA99BA5-B3DA-4115-B07D-7553AAA88624},,,SDE,2016-01-25T18:41:05.000Z
34,10272848, ,POINT,UNCLASSIFIED,LUTHER RICE UNIVERSITY,770,484-1204,3038 EVANS MILL RD, ,LITHONIA,GA,30038,2418,DEKALB,13089, , , , ,2012-02-07T00:00:00.000Z,PHONE,2007-06-26T00:00:00.000Z,AUTO,611310,UNIVERSITIES,22731502,-84.123039,33.698375,NAVTEQ,2006Q4,BLOCKFACE,YES,TGS,DOCTOR'S DEGREE,1008,{88B81A5F-615A-4EA3-94D9-0C3B1386F560},,,SDE,2016-01-25T18:41:45.000Z
36,10271812, ,POINT,UNCLASSIFIED,WESTWOOD COLLEGE - ATLANTA,404,745-9862,"1100 SPRING ST., NW",SUITE 102,ATLANTA,GA,30309,,FULTON,,, , , ,2012-02-07T00:00:00.000Z,PHONE,2007-07-11T00:00:00.000Z,MANUAL,611310,COLLEGES (EXCEPT JUNIOR COLLEGES),22694382,-84.389917,33.784723,NAVTEQ,2006Q4,ONENTITY,YES,TGS,BACHELOR'S DEGREE,169,{1AC4EAAE-8130-4E5A-ADF8-55E7F439DDB3},,,SDE,2016-01-25T19:04:40.000Z
37,10272940, ,POINT,UNCLASSIFIED,CHATTAHOOCHEE TECHNICAL COLLEGE - MARIETTA,770,528-4545,980 SOUTH COBB DRIVE, ,MARIETTA,GA,30060,3300,COBB,13067,W SIDE OF S COBB DR BETWEEN BEECH RD SE AND WESTSIDE DR SE, , , ,2012-02-07T00:00:00.000Z,PHONE,2007-07-09T00:00:00.000Z,MANUAL,61151,TECHNICAL AND TRADE SCHOOLS,22673248,-84.552238,33.929097,NAVTEQ,2006Q4,ONENTITY,YES,TGS,"AT LEAST 2, BUT LESS THAN 4 ACADEMIC YRS",6243,{3D0BA95C-29C1-4987-A7A2-93D72D736F61},,,SDE,2016-02-22T21:02:07.000Z
40,10272949, ,POINT,UNCLASSIFIED,OGLETHORPE UNIVERSITY,404,261-1441,4484 PEACHTREE RD NE, ,ATLANTA,GA,30319,2737,DEKALB,13089, , , , ,2012-02-07T00:00:00.000Z,PHONE,2007-06-26T00:00:00.000Z,AUTO,611310,UNIVERSITIES,127202212,-84.331102,33.87361,NAVTEQ,2006Q4,BLOCKFACE,YES,TGS,MASTER'S DEGREE,1082,{C6E8061E-700E-4B98-91C2-9B8192D6D45A},,,SDE,2016-01-26T14:49:57.000Z
41,10272945, ,POINT,UNCLASSIFIED,MOREHOUSE SCHOOL OF MEDICINE,404,752-1500,720 WESTVIEW DR SW, ,ATLANTA,GA,30310,1458,FULTON,13121, , , , ,2012-02-07T00:00:00.000Z,PHONE,2007-06-26T00:00:00.000Z,AUTO,611310,MEDICAL SCHOOLS,22708965,-84.411106,33.742901,NAVTEQ,2006Q4,BLOCKFACE,YES,TGS,DOCTOR'S DEGREE,272,{C8D8FD12-FE16-4705-A815-AF1B1A6658BE},,,SDE,2016-01-26T14:45:04.000Z
42,10272929, ,POINT,UNCLASSIFIED,GUPTON JONES COLLEGE OF FUNERAL SERVICE,770,593-2257,5141 SNAPFINGER WOODS DR, ,DECATUR,GA,30035,4022,DEKALB,13089, , , , ,2012-02-07T00:00:00.000Z,PHONE,2007-06-26T00:00:00.000Z,AUTO,611310,COLLEGES (EXCEPT JUNIOR COLLEGES),22730863,-84.179186,33.710599,NAVTEQ,2006Q4,BLOCKFACE,YES,TGS,ASSOCIATE'S DEGREE,190,{01806B54-898F-4647-BB4D-2BA3ABC5C56B},,,SDE,2016-01-25T21:00:02.000Z
48,10272901, ,POINT,UNCLASSIFIED,ATLANTA METROPOLITAN COLLEGE,404,756-4000,1630 METROPOLITAN PKY SW, ,ATLANTA,GA,30310,4448,FULTON,13121, , , , ,2012-02-07T00:00:00.000Z,PHONE,2007-06-26T00:00:00.000Z,AUTO,611310,COLLEGES (EXCEPT JUNIOR COLLEGES),22711776,-84.407601,33.710803,NAVTEQ,2006Q4,BLOCKFACE,YES,TGS,ASSOCIATE'S DEGREE,1748,{7C02023A-6FB6-48E4-8232-D88F5C95BFD5},,,SDE,2016-01-25T19:12:25.000Z
49,10272900, ,POINT,UNCLASSIFIED,ATLANTA COLLEGE OF ART,404,733-5001,1280 PEACHTREE ST N E, ,ATLANTA,GA,30309,3502,FULTON,13121, , , , ,2012-02-07T00:00:00.000Z,PHONE,2007-06-26T00:00:00.000Z,AUTO,611610,FINE ARTS SCHOOLS (EXCEPT ACADEMIC),22741128,-84.384823,33.789589,NAVTEQ,2006Q4,BLOCKFACE,YES,TGS,BACHELOR'S DEGREE,324,{6DBE7B93-017D-4EC2-8191-DD21CFA5C9BC},,,SDE,2016-02-19T19:41:24.000Z
65,10271599, ,POINT,UNCLASSIFIED,DEVRY UNIVERSITY- DECATUR,404,270-2706,1 WEST COURT SQUARE,SUITE 100,DECATUR,GA,30030,2115,DEKALB,13089, , , , ,2012-02-07T00:00:00.000Z,PHONE,2007-06-26T00:00:00.000Z,AUTO,611310,UNIVERSITIES,23245775,-84.2776,33.781986,NAVTEQ,2006Q4,BLOCKFACE,YES,TGS,MASTER'S DEGREE,4379,{336ED2A6-DE6B-4EC2-8546-2EC93202D1EE},,,SDE,2016-01-25T20:09:03.000Z
67,10278592, ,POINT,UNCLASSIFIED,MERCER UNIVERSITY - ATLANTA,678,547-6000,3001 MERCER UNIVERSITY DR, ,ATLANTA,GA,30341,4115,DEKALB,13089,ENTRANCE IS LOCATED ON THE W SIDE OF MERCER LN BETWEEN MERCER UNIVERSITY DR AND UNIVERSITY CIR, , , ,2012-02-07T00:00:00.000Z,PHONE,2007-07-23T00:00:00.000Z,MANUAL,611310,UNIVERSITIES,127181746,-84.262934,33.876113,NAVTEQ,2006Q4,BLOCKFACE,YES,TGS,BACHELOR'S DEGREE,2921,{62940607-4699-4866-87FD-5057AE194345},,,SDE,2016-01-26T14:38:58.000Z
68,10278594, ,POINT,UNCLASSIFIED,MERCER UNIVERSITY - DOUGLASVILLE,678,547-6200,975 BLAIRS BRIDGE RD, ,LITHIA SPRINGS,GA,30122,3239,DOUGLAS,13097,SE CORNER OF S BLAIRS BRIDGE RD AND BOB ARNOLD BLVD, , , ,2012-02-07T00:00:00.000Z,PHONE,2007-08-02T00:00:00.000Z,MANUAL,611310,UNIVERSITIES,133520376,-84.605068,33.77147,NAVTEQ,2006Q4,ONENTITY,YES,TGS,BACHELOR'S DEGREE,600,{4E9290B8-B6CF-4C88-9023-55F1EB601D75},,,SDE,2016-01-26T14:41:38.000Z
76,10272960, ,POINT,UNCLASSIFIED,KENNESAW STATE UNIVERSITY - SOUTHERN POLYTECHNIC COLLEGE OF ENGINEERING AND ENGINEERING TECHNOLOGY,678,915-7778,1395 LUCILE AVE SE,"BUILDING 200, SUITE 234",MARIETTA,GA,30067,2855,COBB,13067,ENTRANCE TO CAMPUS IS LOCATED ON THE SE SIDE THE T-INTERSECTION OF S MARIETTA PKY AND W MAIN ENTRANCE SE, , , ,2012-02-07T00:00:00.000Z,PHONE,2007-07-09T00:00:00.000Z,MANUAL,611310,UNIVERSITIES,22675914,-84.521574,33.941704,NAVTEQ,2006Q4,BLOCKFACE,YES,TGS,MASTER'S DEGREE,3806,{4D12B9D4-AE63-4560-8567-559AA1FF9CDA},,,SDE,2016-02-19T19:02:27.000Z
78,10278593, ,POINT,UNCLASSIFIED,MORRIS BROWN COLLEGE,404,739-1010,643 MARTIN LUTHER KING JR DR NW, ,ATLANTA,GA,30314,4140,FULTON,13121,N SIDE OF MARTIN LUTHER KING JR DR NW BETWEEN SUNSET AVE NW AND VINE ST NW, , , ,2012-02-07T00:00:00.000Z,PHONE,2007-07-12T00:00:00.000Z,MANUAL,611310,COLLEGES (EXCEPT JUNIOR COLLEGES),22698438,-84.408205,33.75499,NAVTEQ,2006Q4,BLOCKFACE,YES,TGS,BACHELOR'S DEGREE,2847,{35EC9E43-B204-47B3-A083-F94F1B305112},,,SDE,2016-01-26T14:48:45.000Z
82,10272905, ,POINT,UNCLASSIFIED,BAUDER COLLEGE,404,237-7573,384 NORTHYARDS BOULEVARD NORTHWEST,SUITE 190,ATLANTA,GA,30313, ,FULTON,13121,SOUTHEASTERN MOST SIDE OF NORTHYARDS BLVD NW APPROX 0.17 MILES SE OF THE INTERSECTION OF NORTHYARDS BLVD NW AND NORTH AVE NW, , , ,2012-02-07T00:00:00.000Z,PHONE,2007-07-11T00:00:00.000Z,MANUAL,611310,COLLEGES (EXCEPT JUNIOR COLLEGES),111692060,-84.400222,33.767352,NAVTEQ,2006Q4,ONENTITY,YES,TGS,BACHELOR'S DEGREE,574,{D1FB4F43-921C-430B-9FD9-536EB13EBE88},,,SDE,2016-01-25T19:21:21.000Z
85,10272934, ,POINT,UNCLASSIFIED,INTERDENOMINATIONAL THEOLOGICAL CENTER,404,527-7700,700 MARTIN LUTHER KING JUNIOR DRIVE NORTHWEST, ,ATLANTA,GA,30314, ,FULTON,13121,SOUTH SIDE OF MARTIN LUTHER KING JUNIOR DR NW DIRECTLY ACROSS FROM SUNSET AVE NW., , , ,2012-02-07T00:00:00.000Z,PHONE,2007-07-11T00:00:00.000Z,MANUAL,611310,THEOLOGICAL SEMINARIES OFFERING BACCALAUREATE OR GRADUATE DEGREES,22698441,-84.410041,33.75441,NAVTEQ,2006Q4,BLOCKFACE,YES,TGS,DOCTOR'S DEGREE,447,{6809F7B2-3B8F-49DE-87AA-4268E6114443},,,SDE,2016-01-25T21:10:51.000Z
89,10272922, ,POINT,UNCLASSIFIED,GEORGIA INSTITUTE OF TECHNOLOGY - MAIN CAMPUS,404,894-2000,955 FOWLER ST NW, ,ATLANTA,GA,30318,0001,FULTON,13121,, , , ,2012-02-07T00:00:00.000Z,PHONE,2007-07-11T00:00:00.000Z,MANUAL,61151,TECHNICAL AND TRADE SCHOOLS,22771397,-84.394599,33.772443,NAVTEQ,2006Q4,ONENTITY,YES,TGS,DOCTOR'S DEGREE,17135,{86A78291-4EEA-42CC-A41C-00F571948139},,,SDE,2016-01-25T20:38:44.000Z
93,10272930, ,POINT,UNCLASSIFIED,GWINNETT COLLEGE,770,381-7200,4230 UNITED STATES HIGHWAY 29,SUITE 11,LILBURN,GA,30047, ,GWINNETT,13135,SOUTHEAST SIDE OF UNITED STATES HIGHWAY 29 APPROXIMATELY 0.07 MILES SOUTHWEST OF ARCADO RD NW., , , ,2012-02-07T00:00:00.000Z,PHONE,2007-07-11T00:00:00.000Z,MANUAL,611310,COLLEGES (EXCEPT JUNIOR COLLEGES),17027661,-84.121837,33.901289,NAVTEQ,2006Q4,ONENTITY,YES,TGS,ASSOCIATE'S DEGREE,249,{47EDFFD5-08BA-431A-B9D7-2E0A023BC992},,,SDE,2016-01-25T21:01:22.000Z
94,10272931, ,POINT,UNCLASSIFIED,GWINNETT TECHNICAL COLLEGE,770,962-7580,5150 SUGARLOAF PKWY, ,LAWRENCEVILLE,GA,30043,5702,GWINNETT,13135,SOUTH WEST SIDE OF SUGARLOAF PARKWAY  BETWEEN LAKE PKY NW AND MACLEOD DR NW., , , ,2012-02-07T00:00:00.000Z,PHONE,2007-07-11T00:00:00.000Z,MANUAL,61151,TECHNICAL AND TRADE SCHOOLS,22702174,-84.065906,33.962704,NAVTEQ,2006Q4,ONENTITY,YES,TGS,"AT LEAST 2, BUT LESS THAN 4 ACADEMIC YRS",4204,{39069F92-E2D0-4CF0-8207-CD6D8E5D52BF},,,SDE,2016-01-25T21:04:44.000Z
96,10275907, ,POINT,UNCLASSIFIED,ITT TECHNICAL INSTITUTE - DULUTH,678,957-8510,10700 ABBOTTS BRIDGE RD,SUITE 190,DULUTH,GA,30097,8460,FULTON,13121,WEST SIDE OF ABBOTTS BRIDGE RD APPROXIMATELY 0.37 MILES SOUTH OF STATE HIGHWAY 141., , , ,2012-02-07T00:00:00.000Z,PHONE,2007-07-11T00:00:00.000Z,MANUAL,61151,TECHNICAL AND TRADE SCHOOLS,22777781,-84.17649,34.042565,NAVTEQ,2006Q4,ONENTITY,YES,TGS,BACHELOR'S DEGREE,396,{2F53DA65-8635-4E1C-AEA9-069C1BAF15C8},,,SDE,2016-01-25T21:13:46.000Z
97,10275438, ,POINT,UNCLASSIFIED,ARGOSY UNIVERSITY - ATLANTA CAMPUS,770,671-1200,980 HAMMOND DRIVE,BUILDING 2 SUITE 100,ATLANTA,GA,30328, ,FULTON,13121,N SIDE OF HAMMOND DR NE APPROX 0.25 MILES W OF THE INTERSECTION OF HAMMOND DR NE AND PEACHTREE DUNWOODY RD NE, , , ,2012-02-07T00:00:00.000Z,PHONE,2007-07-11T00:00:00.000Z,MANUAL,611310,UNIVERSITIES,22726355,-84.355294,33.920225,NAVTEQ,2006Q4,ONENTITY,YES,TGS,DOCTOR'S DEGREE,1843,{FFFB7DC7-BF76-4C84-B462-15716817BD92},,,SDE,2016-01-25T19:07:23.000Z
98,10271550, ,POINT,UNCLASSIFIED,GEORGIA STATE UNIVERSITY,404,651-2000,135 EDGEWOOD AVE SE, ,ATLANTA,GA,30303,3044,FULTON,13121,WEST CORNER OF GILMER ST SE AND COURTLAND ST SE., , , ,2012-02-07T00:00:00.000Z,PHONE,2007-07-11T00:00:00.000Z,MANUAL,611310,UNIVERSITIES,22698714,-84.38563,33.753455,NAVTEQ,2006Q4,ONENTITY,YES,TGS,DOCTOR'S DEGREE,25967,{C381EEF9-9675-45B0-A0CC-BF1D82587B7A},,,SDE,2016-01-25T20:54:33.000Z
101,10275949, ,POINT,UNCLASSIFIED,WESTWOOD COLLEGE - NORTHLAKE,404,962-2998,2309 PARKLAKE DR NE, ,ATLANTA,GA,30345,2906,DEKALB,13089,LOCATED .18 MILES N OF NORTHLAKE PKY NE ON THE E SIDE OF PARKLAKE DR NE., , , ,2012-02-07T00:00:00.000Z,PHONE,2007-07-11T00:00:00.000Z,MANUAL,611310,COLLEGES (EXCEPT JUNIOR COLLEGES),22656050,-84.248404,33.853628,NAVTEQ,2006Q4,ONENTITY,YES,TGS,BACHELOR'S DEGREE,232,{FD6B8919-006B-425A-A484-A153F4DCAE50},,,SDE,2016-01-26T19:55:32.000Z
102,10275771, ,POINT,UNCLASSIFIED,AMERICAN INTERCONTINENTAL UNIVERSITY - DUNWOODY,404,965-6500,500 EMBASSY ROW,6600 PEACHTREE DUNWOODY ROAD,ATLANTA,GA,30328,5749,FULTON,13121,EAST SIDE OF EMBASSY ROW APPROXIMATELY 0.25 MILES NORTHWEST OF PEACHTREE DUNWOODY RD NE INTERSECTION., , , ,2012-02-07T00:00:00.000Z,PHONE,2007-07-11T00:00:00.000Z,MANUAL,611310,UNIVERSITIES,16998389,-84.354797,33.938669,NAVTEQ,2006Q4,ONENTITY,YES,TGS,MASTER'S DEGREE,1631,{B2491B8F-4E13-4606-9EA0-A0C135048516},,,SDE,2016-01-25T19:05:50.000Z
104,10272912, ,POINT,UNCLASSIFIED,CLAYTON  STATE UNIVERSITY,770,961-3400,2000 CLAYTON STATE BOULEVARD, ,MORROW,GA,30260, ,CLAYTON,13063,S SIDE OF S ENTRANCE DR APPROX 0.03 MILES E OF THE INTERSECTION S ENTRANCE DR AND N LEE ST, , , ,2012-02-07T00:00:00.000Z,PHONE,2007-07-09T00:00:00.000Z,MANUAL,611310,UNIVERSITIES,22718523,-84.334489,33.593628,NAVTEQ,2006Q4,ONENTITY,YES,TGS,BACHELOR'S DEGREE,6212,{E12919B4-17D5-4E8D-A19F-1117B19420EA},,,SDE,2016-01-25T19:54:56.000Z
107,10272935, ,POINT,UNCLASSIFIED,KENNESAW STATE UNIVERSITY,770,423-6000,1000 CHASTAIN ROAD, ,KENNESAW,GA,30144,5588,COBB,13067,NW SIDE OF CHASTAIN RD BETWEEN MARIETTA DR NW AND FREY RD NW, , , ,2012-02-07T00:00:00.000Z,PHONE,2007-07-10T00:00:00.000Z,MANUAL,611310,UNIVERSITIES,127202143,-84.581153,34.03249,NAVTEQ,2006Q4,BLOCKFACE,YES,TGS,MASTER'S DEGREE,18551,{2BA9E86A-44A7-495D-80A3-A7D917DDF9B5},,,SDE,2016-01-20T20:52:04.000Z
110,10275911, ,POINT,UNCLASSIFIED,LE CORDON BLEU COLLEGE OF CULINARY ARTS - ATLANTA,770,938-4711,1927 LAKESIDE PARKWAY, ,TUCKER,GA,30084,5893,DEKALB,13089,LOCATED .09 MILES NW OF NORTHLAKE PKY FROM THE EASTERN MOST INTERSECTION OF NORTHLAKE PKWY AND LAKESIDE PKWY ON THE SW SIDE OF LAKESIDE PKWY., , , ,2012-02-07T00:00:00.000Z,PHONE,2007-07-11T00:00:00.000Z,MANUAL,611519,CULINARY ARTS SCHOOLS,22657253,-84.240353,33.839521,NAVTEQ,2006Q4,ONENTITY,YES,TGS,ASSOCIATE'S DEGREE,763,{45CA9628-EF74-4F5C-B0C8-E53AB1856B02},,,SDE,2016-01-25T21:25:41.000Z
111,10272032, ,POINT,UNCLASSIFIED,LIFE UNIVERSITY,770,426-2600,1269 BARCLAY CIRCLE, ,MARIETTA,GA,30060,2903,COBB,13067,NE SIDE OF BARCLAY CIR BETWEEN HUNTINGTON RD SE AND COBB PKY SE, , , ,2012-02-07T00:00:00.000Z,PHONE,2007-07-10T00:00:00.000Z,MANUAL,611310,UNIVERSITIES,22674958,-84.516199,33.932554,NAVTEQ,2006Q4,BLOCKFACE,YES,TGS,MASTER'S DEGREE,1427,{630304DC-C1F8-4A0A-842E-A03C1FE50B94},,,SDE,2016-01-25T21:25:55.000Z
114,10275865, ,POINT,UNCLASSIFIED,UNIVERSITY OF PHOENIX - ATLANTA CAMPUS,678,731-0555,8200 ROBERTS DRIVE,SUITE 300,SANDY SPRINGS,GA,30350,4153,FULTON,13121,WEST SIDE OF ROBERTS DR BETWEEN SUNNY BROOK FARM RD AND NORTHRIDGE RD., , , ,2012-02-07T00:00:00.000Z,PHONE,2007-07-12T00:00:00.000Z,MANUAL,611310,UNIVERSITIES,22723531,-84.341594,33.980074,NAVTEQ,2006Q4,ONENTITY,YES,TGS,MASTER'S DEGREE,2495,{71B49AF0-4B58-4A07-88E1-FFA467F459DE},,,SDE,2016-01-26T19:46:11.000Z
115,10272941, ,POINT,UNCLASSIFIED,HERZING UNIVERSITY,404,816-4533,3393 PEACHTREE ROAD NORTHEAST,SUITE 1003,ATLANTA,GA,30326,1109,FULTON,13121,ENTRANCE TO ENTITY IS LOCATED ON THE SE SIDE OF PEARCHTREE RD APPROX 0.11 MILES SW OF THE INTERSECTION OF PEACHTREE RD AND LENOX RD NW, , , ,2012-02-07T00:00:00.000Z,PHONE,2007-07-11T00:00:00.000Z,MANUAL,611310,COLLEGES (EXCEPT JUNIOR COLLEGES),17138335,-84.362425,33.846762,NAVTEQ,2006Q4,ONENTITY,YES,TGS,BACHELOR'S DEGREE,266,{E827408A-8475-4FD5-A8B3-752C33349ED9},,,SDE,2016-02-19T20:03:33.000Z
118,10272913, ,POINT,UNCLASSIFIED,COLUMBIA THEOLOGICAL SEMINARY,404,378-8821,701 S COLUMBIA DRIVE, ,DECATUR,GA,30030,4118,DEKALB,13089,LOCATED W OF COLUMBIA DR BETWEEN INMAN DR AND KIRK DR., , , ,2012-02-07T00:00:00.000Z,PHONE,2007-07-11T00:00:00.000Z,MANUAL,611310,THEOLOGICAL SEMINARIES OFFERING BACCALAUREATE OR GRADUATE DEGREES,22664851,-84.279892,33.764062,NAVTEQ,2006Q4,BLOCKFACE,YES,TGS,DOCTOR'S DEGREE,315,{00BF9463-5AAB-4046-89FD-FA2933EEA974},,,SDE,2016-01-25T19:59:57.000Z
119,10275581, ,POINT,UNCLASSIFIED,BROWN MACKIE COLLEGE - ATLANTA,404,799-4000,"4370 PEACHTREE RD., NE",,ATLANTA,GA,30319,,DEKALB,, , , , ,2012-02-07T00:00:00.000Z,PHONE,2007-07-11T00:00:00.000Z,MANUAL,611310,COLLEGES (EXCEPT JUNIOR COLLEGES),16998389,-84.35481,33.937302,NAVTEQ,2006Q4,ONENTITY,YES,TGS,ASSOCIATE'S DEGREE,148,{4747337E-B5E1-4948-893E-9A7B4CEF573A},,,SDE,2016-01-25T19:42:21.000Z
126,10275915, ,POINT,UNCLASSIFIED,HIGH-TECH INSTITUTE - ATLANTA,678,279-7000,1090 NORTHCHASE PARKWAY,SUITE 150,MARIETTA,GA,30067,6407,COBB,13067,NW SIDE OF NORTHCHASE PKY SE APPROX 0.13 MILES NE OF HIGHLAND PARC PL SE, , , ,2012-02-07T00:00:00.000Z,PHONE,2007-07-10T00:00:00.000Z,MANUAL,61151,TECHNICAL AND TRADE SCHOOLS,22652646,-84.482163,33.927874,NAVTEQ,2006Q4,ONENTITY,YES,TGS,ASSOCIATE'S DEGREE,865,{BF5B2C77-2496-419F-B79E-A757EE538C2F},,,SDE,2016-01-25T21:06:28.000Z
129,10272897, ,POINT,UNCLASSIFIED,THE ART INSTITUTE OF ATLANTA,770,394-8300,100 EMBASSY ROW,6600 PEACHTREE DUNWOODY RD,ATLANTA,GA,30328,1635,FULTON,13121,S SIDE OF EMBASSY ROW APPROX 0.10 MILES W OF THE INTERSECTION OF EMBASSY ROW AND PEACHTREE DUNWOODY RD, , , ,2012-02-07T00:00:00.000Z,PHONE,2007-07-11T00:00:00.000Z,MANUAL,611610,FINE ARTS SCHOOLS (EXCEPT ACADEMIC),23221921,-84.355215,33.93589,NAVTEQ,2006Q4,ONENTITY,YES,TGS,BACHELOR'S DEGREE,2646,{D333647A-DC85-4A84-A70E-1A562A8529AB},,,SDE,2016-01-26T15:53:41.000Z
130,10272902, ,POINT,UNCLASSIFIED,CLARK ATLANTA UNIVERSITY,404,880-8000,223 JAMES P BRAWLEY DRIVE SOUTHWEST, ,ATLANTA,GA,30314,4358,FULTON,13121,WEST SIDE OF JAMES P BRAWLEY DRIVE SW APPROXIMATELY 0.04 MILES SOUTH OF FAIR ST SW., , , ,2012-02-07T00:00:00.000Z,PHONE,2007-07-11T00:00:00.000Z,MANUAL,611310,UNIVERSITIES,22773868,-84.413041,33.74876,NAVTEQ,2006Q4,ONENTITY,YES,TGS,DOCTOR'S DEGREE,4469,{328D04AB-89E7-47FE-8AF3-C7AC228EE39B},,,SDE,2016-01-25T19:54:17.000Z
131,10275513, ,POINT,UNCLASSIFIED,GEORGIA MILITARY COLLEGE - FAIRBURN CAMPUS,770,306-6401,320 W BROAD ST, ,FAIRBURN,GA,30213,1302,FULTON,13121,, , , ,2012-02-07T00:00:00.000Z,PHONE,2007-07-12T00:00:00.000Z,MANUAL,611310,"MILITARY ACADEMIES, COLLEGE LEVEL",22807183,-84.554253,33.584245,NAVTEQ,2006Q4,ONENTITY,YES,TGS,ASSOCIATE'S DEGREE,519,{C731910B-9625-427B-99C7-D169F2B5BC94},,,SDE,2016-02-19T20:00:27.000Z
133,10272174, ,POINT,UNCLASSIFIED,EMORY UNIVERSITY,404,727-6123,201 DOWMAN DR., ,ATLANTA,GA,30322,1018,DEKALB,13089,LOCATED ON THE NE SIDE OF OXFORD RD NE BETWEEN DOWMAN DR NE AND DICKEY DR. DOWMAN DR IS THE MAIN ENTRANCE TO COLLEGE., , , ,2012-02-07T00:00:00.000Z,PHONE,2007-07-11T00:00:00.000Z,MANUAL,611310,UNIVERSITIES,23124497,-84.325623,33.788465,NAVTEQ,2006Q4,ONENTITY,YES,TGS,DOCTOR'S DEGREE,12134,{31759C84-9D70-408A-8711-CBEB295D5D3E},,,SDE,2016-01-25T20:14:00.000Z
134,10275717, ,POINT,UNCLASSIFIED,LINCOLN COLLEGE OF TECHNOLOGY - MARIETTA,770,226-0056,2359 WINDY HILL ROAD, ,MARIETTA,GA,30067,8638,COBB,13067,ENTRANCE TO ENTITY IS LOCATED ON THE N SIDE OF WINDY HILL RD APPROX 0.03 MILES W OF THE WESTERN MOST INTERSECTION OF WINDY HILL RD AND WESTMINISTER SQUARE AT WINDY HILL EST, , , ,2012-02-07T00:00:00.000Z,PHONE,2007-07-10T00:00:00.000Z,MANUAL,61151,TECHNICAL AND TRADE SCHOOLS,124529065,-84.482789,33.904172,NAVTEQ,2006Q4,ONENTITY,YES,TGS,ASSOCIATE'S DEGREE,492,{1E9FC0EA-AC32-4A10-9C1B-9F01241FDCA5},,,SDE,2016-01-25T21:27:29.000Z
135,,,POINT,UNCLASSIFIED,GEORGIA HIGHLANDS COLLEGE - MARIETTA,678,915-5010,1100 SOUTH MARIETTA PKWY SE,,MARIETTA,GA,30060,,COBB,13067,,,,,2012-02-07T00:00:00.000Z,PHONE,2012-01-03T00:00:00.000Z,MANUAL,611310,COLLEGES (EXCEPT JUNIOR COLLEGES),,-84.520796,33.939871,NAVTEQ,2006Q4,ONENTITY,YES,TGS,ASSOCIATE'S DEGREE,994,{8249AE9D-0DAB-4C93-8C87-7F250917FD28},,,SDE,2016-01-25T20:36:58.000Z
136,,,POINT,UNCLASSIFIED,REINHARDT UNIVERSITY - ALPHARETTA,678,566-3946,4100 OLD MILTON PARKWAY,,ALPHARETTA,GA,30005,,FULTON,13121,,,,,2012-02-07T00:00:00.000Z,PHONE,2012-02-07T00:00:00.000Z,PHOTO,611610,COLLEGES (EXCEPT JUNIOR COLLEGES),,-84.240172,34.061019,NAVTEQ,2006Q4,ONENTITY,YES,TGS,ASSOCIATE'S DEGREE,1219,{C6D8B4BB-04C8-470B-8BF5-D4166579FEB8},,,SDE,2016-02-17T21:32:06.000Z
137,,,POINT,UNCLASSIFIED,GEORGIA GWINNETT COLLEGE,678,407-5000,1000 UNIVERSITY CENTER LANE ,,LAWRENCEVILLE,GA,30043,,GWINNETT,13135,,,,,2012-02-07T00:00:00.000Z,PHONE,2012-02-07T00:00:00.000Z,PHOTO,61151,COLLEGES (EXCEPT JUNIOR COLLEGES),,-84.003355,33.980129,NAVTEQ,2006Q4,ONENTITY,YES,TGS,ASSOCIATE'S DEGREE,8000,{A322AC69-0AE9-4D8A-B2B2-9D876A1906B3},,,SDE,2016-01-25T20:34:03.000Z
138,,,POINT,UNCLASSIFIED,UNIVERSITY OF PHOENIX - MARIETTA,678,731-0555,1850 PARKWAY PLACE,,MARIETTA,GA,30067,,COBB,13067,,,,,2012-02-07T00:00:00.000Z,PHONE,2012-02-07T00:00:00.000Z,PHOTO,611310,UNIVERSITIES,,-84.502224,33.938313,NAVTEQ,2006Q4,ONENTITY,YES,TGS,BACHELOR'S DEGREE,200,{5968C82D-B73F-4C61-859A-D66C446D9524},,,SDE,2016-02-19T19:07:45.000Z
139,,,POINT,UNCLASSIFIED,CHATTAHOOCHEE TECHNICAL COLLEGE - MOUNTAIN VIEW,770,509-6305,2680 GORDY PARKWAY,,MARIETTA,GA,30066,,COBB,13067,,,,,2012-02-08T00:00:00.000Z,PHONE,2012-02-08T00:00:00.000Z,PHOTO,611310,TECHNICAL AND TRADE SCHOOLS,,-84.467441,34.034266,NAVTEQ,2006Q4,ONENTITY,YES,TGS,ASSOCIATE'S DEGREE,1220,{F03A1F40-33C4-4464-98ED-F92F00624D51},,,SDE,2016-01-25T19:52:15.000Z
140,,,POINT,UNCLASSIFIED,ITT TECHNICAL INSTITUTE - KENNESAW,770,426-2300,2065 ITT TECH WAY,,KENNESAW,GA,30144,,COBB,13067,,,,,2012-02-08T00:00:00.000Z,PHONE,2012-02-08T00:00:00.000Z,PHOTO,611310,TECHNICAL AND TRADE SCHOOLS,,-84.611669,34.046686,NAVTEQ,2006Q4,ONENTITY,YES,TGS,BACHELOR'S DEGREE,304,{C3669D2F-5ACF-432B-8FFD-17BED248C0A8},,,SDE,2016-01-25T21:18:14.000Z
141,,,POINT,UNCLASSIFIED,DEVRY UNIVERSITY - GALLERIA CENTER,770,916-3704,100 GALLERIA PARKWAY SE,SUITE 100,ATLANTA,GA,30339,,COBB,13067,,,,,2012-02-08T00:00:00.000Z,PHONE,2012-02-08T00:00:00.000Z,PHOTO,611310,UNIVERSITIES,,-84.462774,33.884979,NAVTEQ,2006Q4,ONENTITY,YES,TGS,BACHELOR'S DEGREE,100,{AA08338E-EE0A-4625-810D-B885FB51F7DC},,,SDE,2016-01-25T20:02:39.000Z
142,,,POINT,UNCLASSIFIED,EVEREST INSTITUTE - MARIETTA,770,303-7997,"1600 TERRELL MILL RD., SE",SUITE 200,MARIETTA,GA,30067,,COBB,13067,,,,,2012-02-08T00:00:00.000Z,PHONE,2012-02-08T00:00:00.000Z,PHOTO,611310,TECHNICAL AND TRADE SCHOOLS,,-84.481608,33.912955,NAVTEQ,2006Q4,ONENTITY,YES,TGS,ASSOCIATE'S DEGREE,188,{D3337E59-BC18-404A-9374-AF08C299D14F},,,SDE,2016-02-19T18:57:33.000Z
143,,,POINT,UNCLASSIFIED,CHATTAHOOCHEE TECHNICAL COLLEGE - AUSTELL,770,732-5900,1578 VETERANS MEMORIAL HWY,,AUSTELL,GA,30168,,COBB,13067,,,,,2012-02-08T00:00:00.000Z,PHONE,2012-02-08T00:00:00.000Z,PHOTO,611310,TECHNICAL AND TRADE SCHOOLS,,-84.599574,33.816094,NAVTEQ,2006Q4,ONENTITY,YES,TGS,ASSOCIATE'S DEGREE,297,{423FCDF3-79A4-44FE-AE8B-3075BF9965E5},,,SDE,2016-02-22T21:00:34.000Z
144,,,POINT,UNCLASSIFIED,GEORGIA STATE UNIVERSITY - ALPHARETTA ,404,413-2200,3775 BROOKSIDE PARKWAY,,ALPHARETTA,GA,30022,,FULTON,13121,,,,,2012-02-08T00:00:00.000Z,PHONE,2012-02-08T00:00:00.000Z,PHOTO,611310,UNIVERSITIES,,-84.253126,34.060439,NAVTEQ,2006Q4,ONENTITY,YES,TGS,BACHELOR'S DEGREE,1206,{98F9AB78-2390-4611-9650-E92BB1B0F441},,,SDE,2016-02-22T20:32:45.000Z
146,,,POINT,UNCLASSIFIED,DEVRY UNIVERSITY - ALPHARETTA ,770,619-3600,2555 NORTHWINDS PARKWAY,,ALPHARETTA,GA,30009,,FULTON,13121,,,,,2012-02-08T00:00:00.000Z,PHONE,2012-02-08T00:00:00.000Z,PHOTO,611310,UNIVERSITIES,,-84.280674,34.058642,NAVTEQ,2006Q4,ONENTITY,YES,TGS,ASSOCIATE'S DEGREE,100,{EF742A5A-B9AE-45AF-B23D-373E9C8D882D},,,SDE,2016-01-25T20:00:46.000Z
147,,,POINT,UNCLASSIFIED,CHATTAHOOCHEE TECHNICAL COLLEGE - CANTON,770,345-0172,1645 BLUFFS PARKWAY,,CANTON,GA,30114,,CHEROKEE,13057,,,,,2012-02-08T00:00:00.000Z,PHONE,2012-02-08T00:00:00.000Z,PHOTO,611310,TECHNICAL AND TRADE SCHOOLS,,-84.467361,34.289488,NAVTEQ,2006Q4,ONENTITY,YES,TGS,ASSOCIATE'S DEGREE,934,{4A83D1E1-8EE9-43F1-8FC8-954C59FBAB26},,,SDE,2016-01-25T19:51:25.000Z
148,,,POINT,UNCLASSIFIED,CHATTAHOOCHEE TECHNICAL COLLEGE - WOODSTOCK,678,454-1800,8371 MAIN STREET,,WOODSTOCK,GA,30188,,CHEROKEE,13057,,,,,2012-02-08T00:00:00.000Z,PHONE,2012-02-08T00:00:00.000Z,PHOTO,611310,TECHNICAL AND TRADE SCHOOLS,,-84.517397,34.104041,NAVTEQ,2006Q4,ONENTITY,YES,TGS,ASSOCIATE'S DEGREE,699,{5132DDEC-FE60-496B-8BB9-124F7372CFAA},,,SDE,2016-01-25T19:52:56.000Z
149,,,POINT,UNCLASSIFIED,GEORGIA PERIMETER COLLEGE - DUNWOODY ,770,274-5000,2101 WOMACK ROAD,,DUNWOODY,GA,30338,,DEKALB,13089,,,,,2012-02-08T00:00:00.000Z,PHONE,2012-02-08T00:00:00.000Z,PHOTO,611310,COLLEGES (EXCEPT JUNIOR COLLEGES),,-84.302732,33.941491,NAVTEQ,2006Q4,ONENTITY,YES,TGS,BACHELOR'S DEGREE,9066,{75663BA3-8BBC-4F14-8649-E9DD45963713},,,SDE,2016-01-25T20:47:05.000Z
150,,,POINT,UNCLASSIFIED,UNIVERSITY OF PHOENIX - DULUTH,678,731-0555,2470 SATELLITE BOULEVARD,,DULUTH,GA,30096,,GWINNETT,13135,,,,,2012-02-08T00:00:00.000Z,PHONE,2012-02-08T00:00:00.000Z,PHOTO,611310,UNIVERSITIES,,-84.12088,33.962316,NAVTEQ,2006Q4,ONENTITY,YES,TGS,BACHELOR'S DEGREE,190,{BBB4D5BE-B92C-4683-B8BE-C9BF5D6083F3},,,SDE,2016-02-19T19:05:49.000Z
151,,,POINT,UNCLASSIFIED,DEVRY UNIVERSITY - DULUTH,770,381-4400,3505 KROGER BLVD,,DULUTH,GA,30096,,GWINNETT,13135,,,,,2012-02-08T00:00:00.000Z,PHONE,2012-02-08T00:00:00.000Z,PHOTO,611310,UNIVERSITIES,,-84.123584,33.949732,NAVTEQ,2006Q4,ONENTITY,YES,TGS,BACHELOR'S DEGREE,100,{2E2C7315-A012-402E-889C-8B88D16E08D6},,,SDE,2016-01-25T20:01:16.000Z
152,,,POINT,UNCLASSIFIED,EVEREST INSTITUTE - NORCROSS,770,921-1085,"1750 BEAVER RUIN RD., NE",SUITE 500,NORCROSS,GA,30093,,GWINNETT,13135,,,,,2012-02-08T00:00:00.000Z,PHONE,2012-02-08T00:00:00.000Z,PHOTO,611310,TECHNICAL AND TRADE SCHOOLS,,-84.155449,33.934103,NAVTEQ,2006Q4,ONENTITY,YES,TGS,ASSOCIATE'S DEGREE,271,{C9092389-2685-4F31-8EFD-9443271B7FCF},,,SDE,2016-02-19T18:57:59.000Z
153,,,POINT,UNCLASSIFIED,UNIVERSITY OF PHOENIX - SNELLVILLE,678,731-0555,1350 SCENIC HIGHWAY 266,,SNELLVILLE,GA,30078,,GWINNETT,13135,,,,,2012-02-08T00:00:00.000Z,PHONE,2012-02-08T00:00:00.000Z,PHOTO,611310,UNIVERSITIES,,-84.004797,33.896081,NAVTEQ,2006Q4,ONENTITY,YES,TGS,BACHELOR'S DEGREE,170,{075D836E-F250-4C38-8487-476B32A2BFB1},,,SDE,2016-02-19T19:06:07.000Z
155,,,POINT,UNCLASSIFIED,EVEREST INSTITUTE - ATLANTA WEST,678,500-3400,2841 GREENBRIAR PARKWAY SW,,ATLANTA,GA,30331,,FULTON,13121,,,,,2012-02-08T00:00:00.000Z,PHONE,2012-02-08T00:00:00.000Z,PHOTO,611310,TECHNICAL AND TRADE SCHOOLS,,-84.492253,33.688304,NAVTEQ,2006Q4,ONENTITY,YES,TGS,ASSOCIATE'S DEGREE,400,{E7F9F59A-FA9E-4931-8426-04D6D9622363},,,SDE,2016-02-19T18:56:57.000Z
156,,,POINT,UNCLASSIFIED,INTERACTIVE COLLEGE OF TECHNOLOGY - MORROW,770,960-1298,1580 SOUTHLAKE PARKWAY,,MORROW,GA,30260,,CLAYTON,13063,,,,,2012-02-08T00:00:00.000Z,PHONE,2012-02-08T00:00:00.000Z,PHOTO,611310,TECHNICAL AND TRADE SCHOOLS,,-84.341061,33.572151,NAVTEQ,2006Q4,ONENTITY,YES,TGS,ASSOCIATE'S DEGREE,40,{9201DB0D-2B75-4118-9275-724D414CDE46},,,SDE,2016-01-25T21:10:27.000Z
157,,,POINT,UNCLASSIFIED,EVEREST INSTITUTE - JONESBORO,770,603-0000,6431 TARA BLVD,,JONESBORO,GA,30236,,CLAYTON,13063,,,,,2012-02-08T00:00:00.000Z,PHONE,2012-02-08T00:00:00.000Z,PHOTO,611310,TECHNICAL AND TRADE SCHOOLS,,-84.375163,33.578256,NAVTEQ,2006Q4,ONENTITY,YES,TGS,ASSOCIATE'S DEGREE,963,{39FE34FF-AC19-418D-BF70-FAF1DC70589D},,,SDE,2016-01-25T20:26:26.000Z
158,,,POINT,UNCLASSIFIED,DEVRY UNIVERSITY - STOCKBRIDGE,678,284-4700,675 SOUTHCREST PARKWAY,,STOCKBRIDGE,GA,30281,,HENRY,,,,,,2012-02-08T00:00:00.000Z,PHONE,2012-02-08T00:00:00.000Z,PHOTO,611310,UNIVERSITIES,,-84.278067,33.543639,NAVTEQ,2006Q4,ONENTITY,YES,TGS,BACHELOR'S DEGREE,100,{25F26FE5-029E-48F8-BBB6-5024E1DE8C8F},,,SDE,2016-01-25T20:03:39.000Z
160,,,POINT,UNCLASSIFIED,UNIVERSITY OF PHOENIX - McDONOUGH LEARNING CENTER,770,268-4100,2030 AVALON PKWY,SUITE 100,McDONOUGH,GA,30253,,HENRY,,,,,,2012-02-08T00:00:00.000Z,PHONE,2012-02-08T00:00:00.000Z,PHOTO,611310,UNIVERSITIES,,-84.171261,33.415269,NAVTEQ,2006Q4,ONENTITY,YES,TGS,BACHELOR'S DEGREE,160,{ABC88113-2986-4360-9FF4-B45251666566},,,SDE,2016-02-19T19:10:58.000Z
161,,,POINT,UNCLASSIFIED,MERCER UNIVERSITY - McDONOUGH,678,547-6100,160 HENRY PARKWAY,,McDONOUGH,GA,30253,,HENRY,,,,,,2012-02-08T00:00:00.000Z,PHONE,2012-02-08T00:00:00.000Z,PHOTO,611310,UNIVERSITIES,,-84.161371,33.425496,NAVTEQ,2006Q4,ONENTITY,YES,TGS,BACHELOR'S DEGREE,930,{DD25B532-9786-4F7D-B328-0E2F383E4CE1},,,SDE,2016-01-26T14:42:43.000Z
162,,,POINT,UNCLASSIFIED,WEST GEORGIA TECHNICAL COLLEGE - DOUGLASVILLE,678,821-3800,4600 TIMBER RIDGE DR,,DOUGLASVILLE,GA,30135,,DOUGLAS,13097,,,,,2012-02-09T00:00:00.000Z,PHONE,2012-02-02T00:00:00.000Z,PHOTO,,COLLEGES (EXCEPT JUNIOR COLLEGES),,-84.728635,33.734253,NAVTEQ,2006Q4,ONENTITY,YES,TGS,ASSOCIATE'S DEGREE,1300,{D5232086-2ADF-45F5-9DBE-24BAF870896F},,,SDE,2016-01-26T19:51:42.000Z
163,,,POINT,UNCLASSIFIED,STRAYER UNIVERSITY - DOUGLASVILLE,678,715-2200,4655 TIMBER RIDGE DR,,DOUGLASVILLE,GA,30135,,DOUGLAS,13097,,,,,2012-02-09T00:00:00.000Z,PHONE,2012-02-09T00:00:00.000Z,PHOTO,,UNIVERSITIES,,-84.731521,33.734886,NAVTEQ,2006Q4,ONENTITY,YES,TGS,BACHELOR'S DEGREE,883,{18B1CACC-2B25-4E79-A740-6AA8A666037E},,,SDE,2016-01-26T15:45:33.000Z
164,,,POINT,UNCLASSIFIED,STRAYER UNIVERSITY - MORROW,678,422-4100,3000 CORPORATE CENTER DR,SUITE 100,MORROW,GA,30260,,CLAYTON,13063,,,,,2012-02-09T00:00:00.000Z,PHONE,2012-02-09T00:00:00.000Z,PHOTO,,UNIVERSITIES,,-84.332989,33.570989,NAVTEQ,2006Q4,ONENTITY,YES,TGS,BACHELOR'S DEGREE,883,{2FA53F33-059D-47BA-92BD-9153C1E3B918},,,SDE,2016-01-26T15:48:32.000Z
165,,,POINT,UNCLASSIFIED,STRAYER UNIVERSITY - LITHONIA,678,323-7700,3120 STONECREST BLVD,SUITE 200,LITHONIA,GA,30038,,DEKALB,13089,,,,,2012-02-09T00:00:00.000Z,PHONE,2012-02-09T00:00:00.000Z,PHOTO,,UNIVERSITIES,,-84.08378,33.690442,NAVTEQ,2006Q4,ONENTITY,YES,TGS,BACHELOR'S DEGREE,883,{35C77873-17E6-4CF3-B329-FC745C2BA19D},,,SDE,2016-01-26T15:50:48.000Z
166,,,POINT,UNCLASSIFIED,STRAYER UNIVERSITY - CHAMBLEE,770,454-9270,3355 NORTHEAST EXPRESSWAY,SUITE 100,CHAMBLEE,GA,30341,,DEKALB,13089,,,,,2012-02-09T00:00:00.000Z,PHONE,2012-02-09T00:00:00.000Z,PHOTO,,UNIVERSITIES,,-84.27561,33.874255,NAVTEQ,2006Q4,ONENTITY,YES,TGS,BACHELOR'S DEGREE,883,{C64A47FF-DA64-4B12-A1E7-4E4455CE586A},,,SDE,2016-01-26T15:44:25.000Z
167,,,POINT,UNCLASSIFIED,STRAYER UNIVERSITY - COBB,770,612-2170,3101 TOWERCREEK PKWY SE,SUITE 700,ATLANTA,GA,30339,,COBB,13067,,,,,2012-02-09T00:00:00.000Z,PHONE,2012-02-09T00:00:00.000Z,PHOTO,,UNIVERSITIES,,-84.455757,33.89145,NAVTEQ,2006Q4,ONENTITY,YES,TGS,BACHELOR'S DEGREE,883,{995CC0AE-F4B8-4C04-AEFC-111F7A32164E},,,SDE,2016-01-26T15:47:22.000Z
168,,,POINT,UNCLASSIFIED,STRAYER UNIVERSITY - ROSWELL,770,650-3000,100 MANSELL COURT EAST,SUITE 100,ROSWELL,GA,30076,,FULTON,13121,,,,,2012-02-09T00:00:00.000Z,PHONE,2012-02-09T00:00:00.000Z,PHOTO,,UNIVERSITIES,,-84.328278,34.041725,NAVTEQ,2006Q4,ONENTITY,YES,TGS,BACHELOR'S DEGREE,883,{A197D76D-232A-4BE3-8164-339628BA7575},,,SDE,2016-01-26T15:49:38.000Z
172,,,POINT,UNCLASSIFIED,SAINT LEO UNIVERSITY - DULUTH,678,380-4005,3555 KROGER BOULEVARD,,DULUTH,GA,30096,,GWINNETT,13135,,,,,2012-02-09T00:00:00.000Z,PHONE,2012-02-09T00:00:00.000Z,PHOTO,,UNIVERSITIES,,-84.124923,33.94894,NAVTEQ,2006Q4,ONENTITY,YES,TGS,BACHELOR'S DEGREE,,{C7A5E3F7-5E4D-4297-B038-473B50CC8720},,,SDE,2016-01-26T15:41:53.000Z
173,,,POINT,UNCLASSIFIED,SAVANNAH COLLEGE OF ART AND DESIGN - ATLANTA,404,253-3100,1600 PEACHTREE ST NW,,ATLANTA,GA,30309,,FULTON,13121,,,,,2012-02-09T00:00:00.000Z,PHONE,2012-02-09T00:00:00.000Z,PHOTO,,COLLEGES (EXCEPT JUNIOR COLLEGES),,-84.391142,33.796909,NAVTEQ,2006Q4,ONENTITY,YES,TGS,BACHELOR'S DEGREE,1788,{C187B244-F801-4042-B9ED-5BC9CFF229AF},,,SDE,2016-01-26T15:25:17.000Z
174,,,POINT,UNCLASSIFIED,SHORTER UNIVERSITY - ATLANTA,770,909-3891,1903 PHOENIX BLVD,SUITE 150,ATLANTA,GA,30349,,CLAYTON,13063,,,,,2012-02-09T00:00:00.000Z,PHONE,2012-02-09T00:00:00.000Z,PHOTO,,COLLEGES (EXCEPT JUNIOR COLLEGES),,-84.448966,33.614843,NAVTEQ,2006Q4,ONENTITY,YES,TGS,BACHELOR'S DEGREE,2200,{252D504E-E7BF-4F01-83F9-0F5D1975C383},,,SDE,2016-02-19T19:00:42.000Z
175,,,POINT,UNCLASSIFIED,SHORTER UNIVERSITY - DULUTH,770,923-5223,3805 CRESTWOOD PKWY,,DULUTH,GA,30096,,GWINNETT,,,,,,2012-02-09T00:00:00.000Z,PHONE,2012-02-09T00:00:00.000Z,PHOTO,,COLLEGES (EXCEPT JUNIOR COLLEGES),,-84.008541,33.960683,NAVTEQ,2006Q4,ONENTITY,YES,TGS,BACHELOR'S DEGREE,100,{E0FF5127-F271-4101-9EF9-9035E1189E8C},,,SDE,2016-02-19T19:00:55.000Z
176,,,POINT,,KEUNE ACADEMY BY 124 - LAWRENCEVILLE,470,235-9985,755 LAWRENCEVILLE-SUWANEE RD,,LAWRENCEVILLE,GA,30043,,GWINNETT,,,,,,,,,,,,,-84.023335,33.965755,,,,,,,,{7E896252-5106-437A-841B-1F9DD4586A15},SDE,2015-12-29T21:24:24.000Z,SDE,2016-02-19T19:05:15.000Z
177,,,POINT,,ATLANTA BEAUTY ACADEMY,770,449-1740,6088 BUFORD HWY NE,,DORAVILLE,GA,30340,,DEKALB,,,,,,,,,,,,,-84.259764,33.916601,,,,,,,,{EF5B5A35-5981-4DCF-87AE-97CDCE80CB23},SDE,2015-12-29T21:24:24.000Z,SDE,2016-01-25T19:09:43.000Z
178,,,POINT,,ATLANTA INSTITUTE OF MUSIC,770,242-7717,2875 BRECKINRIDGE BLVD,SUITE 700,DULUTH,GA,30096,,GWINNETT,,,,,,,,,,,,,-84.105526,33.96029,,,,,,,,{E7429360-CF68-42B8-AC6B-30266F99FB41},SDE,2015-12-29T21:24:24.000Z,SDE,2016-01-25T19:11:59.000Z
179,,,POINT,,UNIVERSITY OF PHOENIX - DEKALB LEARNING CENTER,404,443-6900,2600 CENTURY CENTER DRIVE,,ATLANTA,GA,30345,3125,DEKALB,,,,,,,,,,,,,-84.305698,33.849228,,,,,,,,{13C9C82B-4B55-487A-B206-034AC71B63FE},SDE,2015-12-29T21:24:24.000Z,SDE,2016-02-19T19:08:52.000Z
180,,,POINT,,UEI COLLEGE - MORROW,877,462-7741,1564 SOUTHLAKE PKWY,,MORROW,GA,30206,,CLAYTON,,,,,,,,,,,,,-84.337801,33.572973,,,,,,,,{638C3040-93CE-45A8-AA96-6948E38E263C},SDE,2015-12-29T21:24:24.000Z,SDE,2016-01-26T19:24:50.000Z
181,,,POINT,,EMBRY-RIDDLE AERONAUTICAL UNIVERSITY - MARIETTA,770,426-9990,1395 SOUTH MARIETTA PKWY,,MARIETTA ,GA,30065,,COBB,,,,,,,,,,,,,-84.511364,33.940254,,,,,,,,{9F70AFBD-6EC2-4DCF-9D38-CEA743CB2C83},SDE,2015-12-29T21:24:24.000Z,SDE,2016-01-25T20:12:12.000Z
182,,,POINT,,GEORGIA PIEDMONT TECHNICAL COLLEGE - NEWTON CAMPUS CENTER,404,297-9522,8100 BOB WILLIAMS PKWY,,COVINGTON,GA,30014,,NEWTON,,,,,,,,,,,,,-83.859529,33.617485,,,,,,,,{C4C98513-BBE0-430A-B39F-C6FAFAEA37FE},SDE,2015-12-29T21:24:24.000Z,SDE,2016-01-25T20:51:12.000Z
183,,,POINT,,PROFILE INSTITUTE OF BARBER-STYLING,404,559-0704,26 CLEVELAND AVE SW,,ATLANTA,GA,30315,,FULTON,,,,,,,,,,,,,-84.389201,33.680943,,,,,,,,{B297B156-2898-4D13-8DAD-DA7B430C56B1},SDE,2015-12-29T21:24:24.000Z,SDE,2016-01-26T15:08:53.000Z
184,,,POINT,,PAUL MITCHELL THE SCHOOL - ATLANTA,404,888-0070,887 W MARIETTA ST NW,SUITE A,ATLANTA,GA,30318,,FULTON,,,,,,,,,,,,,-84.407129,33.776225,,,,,,,,{43699138-E7FA-4B64-BF56-012C9E51E82A},SDE,2015-12-29T21:24:24.000Z,SDE,2016-01-26T14:54:10.000Z
185,,,POINT,,COBB BEAUTY COLLEGE,770,424-6915,"3096 CHEROKEE ST., SW",,KENNESAW,GA,30144,,COBB,,,,,,,,,,,,,-84.609182,34.028896,,,,,,,,{68FBAB2B-128D-4238-9B1B-E50A08A8616C},SDE,2015-12-29T21:24:24.000Z,SDE,2016-01-25T20:18:58.000Z
186,,,POINT,,BEAUTY COLLEGE OF AMERICA,404,361-4098,1171 MAIN ST,,FOREST PARK,GA,30297,,CLAYTON,,,,,,,,,,,,,-84.351846,33.618541,,,,,,,,{8FA54F5B-F074-4277-B4A2-9737B98EAFD0},SDE,2015-12-29T21:24:24.000Z,SDE,2016-01-25T19:24:45.000Z
187,,,POINT,,GRADY HEALTH SYSTEM PROFESSIONAL SCHOOLS,404,616-4307,80 JESSE HILL JR. DR SE,,ATLANTA,GA,30303,,FULTON,,,,,,,,,,,,,-84.38294,33.751666,,,,,,,,{4E41353F-23AC-4638-9848-D632AD1F4A9A},SDE,2015-12-29T21:24:24.000Z,SDE,2016-01-25T20:59:48.000Z
189,,,POINT,,GWINNETT COLLEGE - SANDY SPRINGS,770,457-2021,6690 ROSWELL RD,SUITE 2200,SANDY SPRINGS,GA,30328,,FULTON,,,,,,,,,,,,,-84.378201,33.937479,,,,,,,,{3451E0E7-3B0F-45E6-925A-3DA8A68BB0AA},SDE,2015-12-29T21:24:24.000Z,SDE,2016-01-25T21:04:18.000Z
190,,,POINT,,SANFORD-BROWN COLLEGE,770,576-4498,500 EMBASSY ROW NE,SUITE 130,ATLANTA,GA,30328,,FULTON,,,,,,,,,,,,,-84.355837,33.93798,,,,,,,,{AA320822-C418-4A3B-AA7C-04ACEF40F7C9},SDE,2015-12-29T21:24:24.000Z,SDE,2016-02-19T19:23:29.000Z
191,,,POINT,,ACADEMY OF SOMATIC HEALING ARTS,,,6251 SMITHPOINTE DRIVE,,NORCROSS,GA,30092,,GWINNETT,,,,,,,,,,,,,-84.248663,33.961037,,,,,,,,{82AF89A0-99EB-4B47-BEBE-76A5CB3AD366},SDE,2015-12-29T21:24:24.000Z,SDE,2016-01-25T19:09:39.000Z
192,,,POINT,,AVIATION INSTITUTE OF MAINTENANCE - ATLANTA,678,377-5600,2025 SATELLITE POINTE,,DULUTH,GA,30096,,GWINNETT,,,,,,,,,,,,,-84.148519,33.948298,,,,,,,,{585A3DB3-FBB4-4FE2-8E5D-99DAAE9589A3},SDE,2015-12-29T21:24:24.000Z,SDE,2016-01-25T19:20:45.000Z
193,,,POINT,,SAINT LEO UNIVERSITY - MARIETTA,770,425-5031,1395 SOUTH MARIETTA PKWY,"BUILDING 300, SUITE 104",MARIETTA,GA,30067,,COBB,,,,,,,,,,,,,-84.511365,33.940254,,,,,,,,{778A0815-6BAE-47C1-A9B0-5459D833F090},SDE,2015-12-29T21:24:24.000Z,SDE,2016-01-26T15:17:47.000Z
194,,,POINT,,GAMMON THEOLOGICAL SEMINARY,404,581-0300,653 BECKWITH ST,,ATLANTA,GA,30314,,FULTON,,,,,,,,,,,,,-84.408426,33.752193,,,,,,,,{79A7E9BD-9155-406E-9008-91C29CAE08F4},SDE,2015-12-29T21:24:24.000Z,SDE,2016-01-25T20:33:12.000Z
195,,,POINT,,EMPIRE BEAUTY SCHOOL - MORROW,678,810-1016,1958 MT. ZION RD,SUITE 205,MORROW,GA,30260,,CLAYTON,,,,,,,,,,,,,-84.326258,33.565257,,,,,,,,{D66C099C-E02F-42CD-82FE-A03344EC4D46},SDE,2015-12-29T21:24:24.000Z,SDE,2016-01-25T20:21:51.000Z
196,,,POINT,,PAUL MITCHELL THE SCHOOL - ESANI,678,795-0999,1003 MANSELL RD,,ROSWELL,GA,30076,,FULTON,,,,,,,,,,,,,-84.331967,34.042625,,,,,,,,{FE2187C2-6157-4F73-9E32-A83F9315F272},SDE,2015-12-29T21:24:24.000Z,SDE,2016-01-26T14:55:57.000Z
197,,,POINT,,IVERSON BUSINESS SCHOOL,770,446-1333,5522 NEW PEACHTREE RD,SUITE 114,ATLANTA,GA,30341,,DEKALB,,,,,,,,,,,,,-84.296281,33.893475,,,,,,,,{D51B5F56-233A-46B4-90B4-E220BD11FD15},SDE,2015-12-29T21:24:24.000Z,SDE,2016-01-25T21:21:51.000Z
198,,,POINT,,BROWN COLLEGE OF COURT REPORTING,404,876-1227,"1100 SPRING ST., NW",SUITE 101,ATLANTA,GA,30309,,FULTON,,,,,,,,,,,,,-84.389377,33.784496,,,,,,,,{6884FBBD-405D-40E0-A55C-5151BB750C97},SDE,2015-12-29T21:24:24.000Z,SDE,2016-01-25T19:35:43.000Z
200,,,POINT,,EMPIRE BEAUTY SCHOOL - DUNWOODY,770,884-6976,4719 ASHFORD-DUNWOODY RD,SUITE 205,DUNWOODY,GA,30338,,DEKALB,,,,,,,,,,,,,-84.337311,33.932351,,,,,,,,{E501E416-9F1F-47DC-BA1A-E4C982CE8D6B},SDE,2015-12-29T21:24:24.000Z,SDE,2016-01-25T20:16:50.000Z
201,,,POINT,,MEDTECH INSTITUTE - MARIETTA,770,859-9779,4501 CIRCLE 75 PKWY SE,,ATLANTA,GA,30339,,COBB,,,,,,,,,,,,,-84.474955,33.89997,,,,,,,,{1E41C1B2-783B-4978-B0BA-FE27D1933648},SDE,2015-12-29T21:24:24.000Z,SDE,2016-02-22T20:42:24.000Z
202,,,POINT,,PORTFOLIO CENTER,404,351-5055,125 BENNETT ST NW,,ATLANTA,GA,30309,,FULTON,,,,,,,,,,,,,-84.395604,33.812024,,,,,,,,{B267F5DC-9EA0-4752-83C7-DE98884DEB86},SDE,2015-12-29T21:24:24.000Z,SDE,2016-01-26T15:04:59.000Z
203,,,POINT,,TROY UNIVERSITY - ATLANTA,770,730-0033,1117 PERIMETER CENTER WEST,SUITE N101,ATLANTA,GA,30338,,DEKALB,,,,,,,,,,,,,-84.349374,33.93022,,,,,,,,{9611EC19-F848-4D92-9FAF-38E227DB0F36},SDE,2015-12-29T21:24:24.000Z,SDE,2016-01-26T19:22:43.000Z
204,,,POINT,,MEDTECH INSTITUTE - TUCKER,678,218-0600,4053 LAVISTA RD,,TUCKER,GA,30084,,DEKALB,,,,,,,,,,,,,-84.251852,33.846333,,,,,,,,{F1CB6227-4E2A-4756-9B63-868002F6DA92},SDE,2015-12-29T21:24:24.000Z,SDE,2016-01-26T14:35:21.000Z
206,,,POINT,,THE CREATIVE CIRCUS,404,607-8880,812 LAMBERT DR ,,ATLANTA,GA,30324,,FULTON,,,,,,,,,,,,,-84.363145,33.813024,,,,,,,,{46613F5B-ADC5-433F-8ED1-C6868889782E},SDE,2015-12-29T21:24:24.000Z,SDE,2016-01-26T16:00:49.000Z
207,,,POINT,,EMPIRE BEAUTY SCHOOL - KENNESAW,770,884-7292,"2615 GEORGE BUSBEE PKWY., NW",,KENNESAW,GA,30144,,COBB,,,,,,,,,,,,,-84.566683,34.013648,,,,,,,,{2EB49B59-1856-4F41-80C8-D8823DA40A19},SDE,2015-12-29T21:24:24.000Z,SDE,2016-01-25T20:20:29.000Z
208,,,POINT,,PRO WAY HAIR SCHOOL,404,299-5156,5684 MEMORIAL DR,,STONE MOUNTAIN,GA,30083,,DEKALB,,,,,,,,,,,,,-84.205547,33.801311,,,,,,,,{1EB47A60-8DBD-471B-B202-F82D2ABE7942},SDE,2015-12-29T21:24:24.000Z,SDE,2016-01-26T15:09:00.000Z
209,,,POINT,,PHILADELPHIA COLLEGE OF OSTEOPATHIC MEDICINE - GEORGIA CAMPUS,678,225-7500,625 OLD PEACHTREE RD NW,,SUWANEE,GA,30024,,GWINNETT,,,,,,,,,,,,,-84.060832,34.008618,,,,,,,,{FBEDFCD8-930A-4EF4-A2CC-29F350319B53},SDE,2015-12-29T21:24:24.000Z,SDE,2016-01-26T14:58:30.000Z
210,,,POINT,,GEORGIA HIGHLANDS COLLEGE - DOUGLASVILLE,678,872-4200,5901 STEWART PKWY,,DOUGLASVILLE,GA,30135,,DOUGLAS,,,,,,,,,,,,,-84.769393,33.718574,,,,,,,,{C4BFA169-E1AD-4294-A14A-88C0856EAC86},SDE,2015-12-29T21:24:24.000Z,SDE,2016-01-25T20:36:08.000Z
211,,,,,BRENAU UNIVERSITY - FAIRBURN,678,827-7300,314 NW BROAD STREET,,FAIRBURN,GA,30213,,Gwinnett,,,,,,,,,,,,,-84.215789,33.955289,,,,,,,,{B6A6D0DA-AC9D-40A3-97A3-0EB8CB213D17},SDE,2015-12-29T21:24:24.000Z,SDE,2016-02-19T19:53:04.000Z
213,,,POINT,,LAURUS TECHNICAL INSTITUTE - JONESBORO,,,9540 TARA BLVD,,JONESBORO,GA,30236,,CLAYTON,,,,,,,,,,,,,-84.343195,33.495536,,,,,,,,{AA9CE3E4-F2FA-4776-8F7E-C4AD88975DED},SDE,2015-12-29T21:24:24.000Z,SDE,2016-02-19T18:59:02.000Z
214,,,POINT,,WESTWOOD COLLEGE - MIDTOWN,404,745-9862,231 PEACHTREE ST NE,SUITE 100,ATLANTA,GA,30303,,FULTON,,,,,,,,,,,,,-84.387416,33.760368,,,,,,,,{FA2525DF-6697-47F3-91A4-6457DE4DDAD4},SDE,2015-12-29T21:24:24.000Z,SDE,2016-01-26T19:54:59.000Z
215,,,POINT,,THE MEDICAL MANAGEMENT INSTITUTE,886,892-2765,3330 PRESTON RIDGE RD,SUITE 380,ALPHARETTA,GA,30005,,FULTON,,,,,,,,,,,,,-84.259992,34.071791,,,,,,,,{D579A690-316C-4869-84BE-7E926B06F2C3},SDE,2015-12-29T21:24:24.000Z,SDE,2016-01-26T16:00:40.000Z
216,,,POINT,,UNIVERSITY OF GEORGIA - TERRY COLLEGE OF BUSINESS,404,842-4825,3475 LENOX RD NE,SUITE 300,ATLANTA,GA,30326,,FULTON,,,,,,,,,,,,,-84.361826,33.850587,,,,,,,,{B3EB746A-BB59-4014-8876-C57DB290D50B},SDE,2015-12-29T21:24:24.000Z,SDE,2016-01-26T19:29:47.000Z
217,,,POINT,,UNIVERSITY OF GEORGIA - GWINNETT CAMPUS,678,985-6800,2530 SEVER RD NW,,LAWRENCEVILEE,GA,30043,,GWINNETT,,,,,,,,,,,,,-84.070673,33.999308,,,,,,,,{0EB6ACD6-7DF9-43E6-A226-837AA93B2CF0},SDE,2015-12-29T21:24:24.000Z,SDE,2016-01-26T19:32:01.000Z
218,,,POINT,,LAURUS TECHNICAL INSTITUTE - DECATUR,,,523 CHURCH ST,,DECATUR,GA,30030,,DEKALB,,,,,,,,,,,,,-84.294708,33.776422,,,,,,,,{D82C8069-0BAE-4878-ABB6-AE29304A479A},SDE,2015-12-29T21:24:24.000Z,SDE,2016-02-19T18:58:54.000Z
220,,,POINT,,GEORGIA PERIMETER COLLEGE - CLARKSTON,678,891-3200,555 N INDIAN CREEK DR,,CLARKSTON,GA,30021,,DEKALB,,,,,,,,,,,,,-84.23566,33.791128,,,,,,,,{D044A0F4-171B-4A6B-807B-861CE437FFA0},SDE,2015-12-29T21:24:24.000Z,SDE,2016-01-25T20:43:17.000Z
221,,,POINT,,CARVER COLLEGE,404,527-4520,"3870 CASCADE RD., SW",,ATLANTA,GA,30331,,FULTON,,,,,,,,,,,,,-84.514563,33.725082,,,,,,,,{80A014E3-299B-4627-95AF-492FD4C0A1FF},SDE,2015-12-29T21:24:24.000Z,SDE,2016-02-19T18:59:20.000Z
222,,,POINT,,BRENAU UNIVERSITY - NORCROSS,770,446-2900,3139 CAMPUS DR,SUITE 300,NORCROSS,GA,30071,,GWINNETT,,,,,,,,,,,,,-84.215789,33.955289,,,,,,,,{192BB278-1F39-4E5F-849E-5E5BAE579828},SDE,2015-12-29T21:24:24.000Z,SDE,2016-01-25T19:32:32.000Z
223,,,POINT,,FAYETTE BEAUTY ACADEMY,770,461-4669,386 N GLYNN ST,,FAYETTEVILLE,GA,30214,,FAYETTE,,,,,,,,,,,,,-84.454919,33.45591,,,,,,,,{85B398E0-63EE-4AEC-995E-F04944754377},SDE,2015-12-29T21:24:24.000Z,SDE,2016-01-25T20:29:16.000Z
224,,,POINT,,OMNITECH INSTITUTE,404,888-1800,1800 PHOENIX BLVD,,ATLANTA,GA,30349,,FULTON,,,,,,,,,,,,,-84.446889,33.614123,,,,,,,,{368A794E-9961-4C37-B7B1-63119E8055DB},SDE,2015-12-29T21:24:24.000Z,SDE,2016-01-26T14:52:10.000Z
225,,,POINT,,SOUTHERN CRESCENT TECHNICAL COLLEGE - HENRY,770,914-4411,300 LAKEMONT DR,,MCDONOUGH,GA,30253,,HENRY,,,,,,,,,,,,,-84.128049,33.445752,,,,,,,,{F02EACF9-46E2-4F5F-99CA-ABB0815C3F0C},SDE,2015-12-29T21:24:24.000Z,SDE,2016-01-26T15:35:32.000Z
226,,,POINT,,SAINT LEO UNIVERSITY - MORROW,770,760-5000,1590 ADAMSON PKWY,SUITE 120,MORROW,GA,30260,,CLAYTON,,,,,,,,,,,,,-84.338048,33.577472,,,,,,,,{607132A0-20F7-4AF4-8F93-23FE3CB7CF37},SDE,2015-12-29T21:24:24.000Z,SDE,2016-01-26T15:19:02.000Z
227,,,POINT,,"INTERNATIONAL SCHOOL OF SKIN, NAILCARE & MASSAGE THERAPY",877,843-1005,5600 ROSWELL RD,,ATLANTA,GA,30342,,FULTON,,,,,,,,,,,,,-84.378856,33.907426,,,,,,,,{3B895F0E-53CA-4518-B62D-3804DB1A6B8A},SDE,2015-12-29T21:24:24.000Z,SDE,2016-01-25T21:12:52.000Z
228,,,POINT,,ATLANTA SCHOOL OF MASSAGE,770,454-7167,2 DUNWOODY PARK SOUTH,,ATLANTA,GA,30338,,DEKALB,,,,,,,,,,,,,-84.311375,33.924132,,,,,,,,{FD144610-173E-490B-8B34-245586EF61B2},SDE,2015-12-29T21:24:24.000Z,SDE,2016-01-25T19:14:19.000Z
229,,,POINT,,TONI & GUY HAIRDRESSING ACADEMY - ATLANTA,770,565-3285,1355 ROSWELL RD,SUITE 150,MARIETTA,GA,30062,,COBB,,,,,,,,,,,,,-84.51246,33.950884,,,,,,,,{1ADBED60-DE47-4F4B-83DC-3D014CE0F6E9},SDE,2015-12-29T21:24:24.000Z,SDE,2016-01-26T19:19:16.000Z
230,,,POINT,,ATLANTA'S JOHN MARSHALL LAW SCHOOL,404,872-3593,"1422 WEST PEACHTREE ST., NW",,ATLANTA,GA,30309,,FULTON,,,,,,,,,,,,,-84.387916,33.793455,,,,,,,,{BCA85215-6CB1-4FD1-A602-77D6EFCDF189},SDE,2015-12-29T21:24:24.000Z,SDE,2016-01-25T19:18:46.000Z
231,,,POINT,,THE SALVATION ARMY EVANGELINE BOOTH COLLEGE,404,753-4166,1032 METROPOLITAN PKWY SW,,ATLANTA,GA,30310,,FULTON,,,,,,,,,,,,,-84.407751,33.726633,,,,,,,,{F81AC76A-1107-4E48-BCD3-7A557FD97E82},SDE,2015-12-29T21:24:24.000Z,SDE,2016-01-26T16:22:50.000Z
232,,,POINT,,SAINT LEO UNIVERSITY - GWINNETT,678,380-4005,3555 KOGER BLVD,SUITE 105,DULUTH,GA,30096,,GWINNETT,,,,,,,,,,,,,-84.124226,33.948488,,,,,,,,{C4D445D0-9E0D-427E-9767-C972000B0E0E},SDE,2015-12-29T21:24:24.000Z,SDE,2016-01-26T15:15:20.000Z
233,,,POINT,,ITT TECHNICAL INSTITUTE - ATLANTA,,,485 OAK PL,SUITE 800,ATLANTA,GA,30349,,FULTON,,,,,,,,,,,,,-84.4053,33.612449,,,,,,,,{C08B8072-9078-4F00-AA1A-698176D96385},SDE,2015-12-29T21:24:24.000Z,SDE,2016-01-25T21:19:12.000Z
234,,,POINT,,FORTIS COLLEGE,770,980-0002,2108 COBB PKWY SE,,SMRYNA,GA,30080,,COBB,,,,,,,,,,,,,-84.486195,33.901388,,,,,,,,{1480A409-5F44-431D-9853-CC02B554FBBD},SDE,2015-12-29T21:24:24.000Z,SDE,2016-01-25T20:31:03.000Z
235,,,POINT,,EMPIRE BEAUTY SCHOOL - GWINNETT,770,884-6966,1455 PLEASANT HILL RD,SUITE 105,LAWRENCEVILLE,GA,30044,,GWINNETT,,,,,,,,,,,,,-84.121946,33.939996,,,,,,,,{4C338F8C-74D2-4E8C-BDF3-9EBC3B819FC1},SDE,2015-12-29T21:24:24.000Z,SDE,2016-01-25T20:18:19.000Z
