OBJECTID,STATEFP10,COUNTYFP10,GEOID10,NAME10,NAMELSAD10,totpop10,WFD,RDC_AAA,MNGWPD,MPO,MSA,F1HR_NA,F8HR_NA,Reg_Comm,Acres,Sq_Miles,Label,GlobalID,last_edited_date
1,13,173,13173,Lanier,Lanier County,10078,N,N,N,N,N,N,N,Southern Georgia,127874,199.802994,LANIER,{7D637994-1D29-4646-A85C-439C1A06EA0E},
2,13,029,13029,Bryan,Bryan County,30233,N,N,N,N,N,N,N,Coastal Regional Commission,291269,455.108002,BRYAN,{AB662CC0-3C43-4DFC-A03B-ED6CA5322980},
3,13,001,13001,Appling,Appling County,18236,N,N,N,N,N,N,N,Heart of Georgia Altamaha,328037,512.557983,APPLING,{DE5A63BB-4A0F-47A0-8306-85F49CF71F18},
4,13,241,13241,Rabun,Rabun County,16276,N,N,N,N,N,N,N,Georgia Mountains,241186,376.854004,RABUN,{9D3BC405-11BB-4510-85AB-C97A8ADC6B07},
5,13,023,13023,Bleckley,Bleckley County,13063,N,N,N,N,N,N,N,Heart of Georgia Altamaha,140237,219.121002,BLECKLEY,{7667A96C-97FB-49CF-928D-C58C7E4156D7},
6,13,113,13113,Fayette,Fayette County,106567,Y,Y,Y,Y,Y,Y,Y,Atlanta Regional Commission,127543,199.285995,FAYETTE,{0089049C-AF9E-48C9-83D8-75FE86DFE045},
7,13,163,13163,Jefferson,Jefferson County,16930,N,N,N,N,N,N,N,Central Savannah River Area,339141,529.90802,JEFFERSON,{BE814DFF-62AC-4909-8B25-C2638D21012D},
8,13,253,13253,Seminole,Seminole County,8729,N,N,N,N,N,N,N,Southwest Georgia,164181,256.532013,SEMINOLE,{D227238E-663F-4D59-A9D0-179A2579919C},
9,13,039,13039,Camden,Camden County,50513,N,N,N,N,N,N,N,Coastal Regional Commission,501015,782.836975,CAMDEN,{555DA342-487B-4B0D-B256-5CC3469005F0},
10,13,127,13127,Glynn,Glynn County,79626,N,N,N,N,N,N,N,Coastal Regional Commission,375084,586.067993,GLYNN,{6208F96C-ED25-40A7-A0AD-E5B058E9F826},
11,13,233,13233,Polk,Polk County,41475,N,N,N,N,N,N,N,Northwest Georgia,199774,312.147003,POLK,{750B0C1D-5CE0-47F6-8605-ADFE1B0E676B},
12,13,211,13211,Morgan,Morgan County,17868,N,N,N,N,Y,N,N,Northeast Georgia,226933,354.583008,MORGAN,{77264900-C504-4F22-BA88-409240758961},
13,13,263,13263,Talbot,Talbot County,6865,N,N,N,N,N,N,N,River Valley,252604,394.694,TALBOT,{3389D449-5ABA-4E65-A632-2E0E1FDB6EA4},
14,13,249,13249,Schley,Schley County,5010,N,N,N,N,N,N,N,River Valley,107386,167.789993,SCHLEY,{2F5FBCAA-09BB-4772-8AE4-FBA26B1847B9},
15,13,291,13291,Union,Union County,21356,N,N,N,N,N,N,N,Georgia Mountains,210522,328.940002,UNION,{93971501-44A7-418F-B32B-5B331706FAD4},
16,13,315,13315,Wilcox,Wilcox County,9255,N,N,N,N,N,N,N,Heart of Georgia Altamaha,244539,382.092011,WILCOX,{A70295BA-6C76-4EA8-992F-3C0DAD146AF5},
17,13,299,13299,Ware,Ware County,36312,N,N,N,N,N,N,N,Southern Georgia,581392,908.424988,WARE,{BAB3887B-1194-4503-9B32-1CE8A6A3ACB5},
18,13,059,13059,Clarke,Clarke County,116714,N,N,N,N,N,N,N,Northeast Georgia,77457.203125,121.027,CLARKE,{D4F78C5D-FED9-4215-82B3-A2D1358ED328},
19,13,169,13169,Jones,Jones County,28669,N,N,N,N,N,N,N,Middle Georgia,253036,395.368011,JONES,{47C8BCE7-694F-497E-BF2F-4406B91159A1},
21,13,247,13247,Rockdale,Rockdale County,85215,Y,Y,Y,Y,Y,Y,Y,Atlanta Regional Commission,84525.703125,132.070999,ROCKDALE,{1146BC41-D714-4074-BFCC-B1EA52C17B96},
22,13,083,13083,Dade,Dade County,16633,N,N,N,N,N,N,N,Northwest Georgia,111481,174.188995,DADE,{D5415141-E21E-4F67-9733-4D5F064EC36E},
23,13,213,13213,Murray,Murray County,39628,N,N,N,N,N,N,N,Northwest Georgia,221860,346.657013,MURRAY,{E8ABF5B5-2273-4AC1-87D9-5AFBA20BF4B4},
24,13,067,13067,Cobb,Cobb County,688078,N,Y,Y,Y,Y,Y,Y,Atlanta Regional Commission,220455,344.459991,COBB,{670FE76B-423B-4211-BFB0-8A9145225470},
25,13,073,13073,Columbia,Columbia County,124053,N,N,N,N,N,N,N,Central Savannah River Area,196979,307.778992,COLUMBIA,{6A0F3E6B-D37E-419D-B8A9-ADDF6744F3B0},
26,13,117,13117,Forsyth,Forsyth County,175511,N,N,Y,Y,Y,Y,Y,Georgia Mountains,158154,247.115997,FORSYTH,{4C27E78B-AD23-45A7-853A-CF98F6F55554},
27,13,009,13009,Baldwin,Baldwin County,45720,N,N,N,N,N,N,N,Middle Georgia,171139,267.404999,BALDWIN,{C55236A9-D42A-4314-A269-80306559B470},
28,13,295,13295,Walker,Walker County,68756,N,N,N,N,N,N,N,Northwest Georgia,286115,447.053986,WALKER,{2247BB29-7B35-4419-AA88-7F169BE9F6AD},
29,13,107,13107,Emanuel,Emanuel County,22598,N,N,N,N,N,N,N,Heart of Georgia Altamaha,441961,690.565002,EMANUEL,{8A6825E9-8F50-4281-B367-0F85B7C6548F},
30,13,123,13123,Gilmer,Gilmer County,28292,N,N,N,N,N,N,N,Northwest Georgia,275947,431.166992,GILMER,{F5584E0A-B932-4A72-BE96-EEF5D3233611},
31,13,301,13301,Warren,Warren County,5834,N,N,N,N,N,N,N,Central Savannah River Area,183530,286.765991,WARREN,{CEABC8FF-02A8-45E2-A9D6-0696012F1CA8},
32,13,105,13105,Elbert,Elbert County,20166,N,N,N,N,N,N,N,Northeast Georgia,239539,374.278992,ELBERT,{EAFB2FBC-0B45-4BC7-82F7-84E54BFC4D68},
33,13,063,13063,Clayton,Clayton County,259424,Y,Y,Y,Y,Y,Y,Y,Atlanta Regional Commission,92354.101562,144.302994,CLAYTON,{B1CDC3D4-04E4-4417-BF51-E5916A6F458E},
34,13,025,13025,Brantley,Brantley County,18411,N,N,N,N,N,N,N,Southern Georgia,286458,447.591003,BRANTLEY,{B067B5E4-BDF5-4B2C-9751-501DEA4C3A2F},
35,13,051,13051,Chatham,Chatham County,265128,N,N,N,N,N,N,N,Coastal Regional Commission,405410,633.453003,CHATHAM,{112314AE-92CD-4EAB-A236-C661FDCE4F27},
36,13,225,13225,Peach,Peach County,27695,N,N,N,N,N,N,N,Middle Georgia,96815.203125,151.274002,PEACH,{2045C7C2-70D3-454C-AC60-1BDED3BF882A},
37,13,101,13101,Echols,Echols County,4034,N,N,N,N,N,N,N,Southern Georgia,269306,420.790009,ECHOLS,{98261A81-3DA9-481E-B18E-D511B4A7824E},
38,13,109,13109,Evans,Evans County,11000,N,N,N,N,N,N,N,Heart of Georgia Altamaha,119709,187.044998,EVANS,{785FAC0C-F74C-4E4D-8CB3-B8CB8F85851D},
39,13,239,13239,Quitman,Quitman County,2513,N,N,N,N,N,N,N,River Valley,102757,160.557999,QUITMAN,{752BEFA6-7539-4065-8BBA-6CB502AB5B58},
40,13,155,13155,Irwin,Irwin County,9538,N,N,N,N,N,N,N,Southern Georgia,232163,362.753998,IRWIN,{D40870BC-FC2D-4302-AB06-FBDF877A7BA4},
41,13,033,13033,Burke,Burke County,23316,N,N,N,N,N,N,N,Central Savannah River Area,534823,835.661011,BURKE,{56423785-DD7F-429D-B00E-356D32A5FEFF},
42,13,151,13151,Henry,Henry County,203922,Y,Y,Y,Y,Y,Y,Y,Atlanta Regional Commission,208948,326.480988,HENRY,{35264E7E-E781-4C21-B4CC-C812B3B58FDE},
43,13,179,13179,Liberty,Liberty County,63453,N,N,N,N,N,N,N,Coastal Regional Commission,386169,603.388977,LIBERTY,{CB7E330B-433F-46AB-9326-7292530CC621},
44,13,195,13195,Madison,Madison County,28120,N,N,N,N,N,N,N,Northeast Georgia,182774,285.584991,MADISON,{FB984A70-A6A1-4095-8F0F-604A4143F984},
45,13,279,13279,Toombs,Toombs County,27223,N,N,N,N,N,N,N,Heart of Georgia Altamaha,237563,371.191986,TOOMBS,{F37CE267-116E-4ECC-8FFC-82697ED17E8D},
46,13,207,13207,Monroe,Monroe County,26424,N,N,N,N,N,N,N,Middle Georgia,254551,397.735992,MONROE,{6675314D-9931-4C36-8957-FA8A905F2F0E},
47,13,065,13065,Clinch,Clinch County,6798,N,N,N,N,N,N,N,Southern Georgia,527504,824.224976,CLINCH,{D7037AD7-9079-4D7B-8A90-535F548AD7C7},
48,13,219,13219,Oconee,Oconee County,32808,N,N,N,N,N,N,N,Northeast Georgia,119267,186.354996,OCONEE,{97F649C5-231F-42D8-A3F0-25E6535FE925},
49,13,019,13019,Berrien,Berrien County,19286,N,N,N,N,N,N,N,Southern Georgia,293043,457.880005,BERRIEN,{0E14972B-097C-4986-B5EB-B72787E7DF71},
50,13,049,13049,Charlton,Charlton County,12171,N,N,N,N,N,N,N,Southern Georgia,501087,782.948975,CHARLTON,{4C51DF2F-CF01-4556-BDC2-8F0316390F6C},
51,13,075,13075,Cook,Cook County,17212,N,N,N,N,N,N,N,Southern Georgia,149238,233.184006,COOK,{AB9A8BC5-5668-430F-A0B1-4E6FBE6021D6},
52,13,229,13229,Pierce,Pierce County,18758,N,N,N,N,N,N,N,Southern Georgia,219810,343.453003,PIERCE,{21233D79-91A5-4D21-940E-1183FA00724A},
53,13,099,13099,Early,Early County,11008,N,N,N,N,N,N,N,Southwest Georgia,330435,516.304993,EARLY,{73632B13-4725-4782-B10F-9E56936CC762},
54,13,167,13167,Johnson,Johnson County,9980,N,N,N,N,N,N,N,Heart of Georgia Altamaha,196277,306.682007,JOHNSON,{310C9260-45FD-45B1-B65D-2581497BE8F8},
55,13,269,13269,Taylor,Taylor County,8906,N,N,N,N,N,N,N,River Valley,242959,379.622986,TAYLOR,{A190BC27-F52A-4478-BC60-09CA0019FCA0},
56,13,093,13093,Dooly,Dooly County,14918,N,N,N,N,N,N,N,River Valley,254218,397.216003,DOOLY,{1959E5F7-6836-4ACE-AACF-27F1A298C95E},
58,13,177,13177,Lee,Lee County,28298,N,N,N,N,N,N,N,Southwest Georgia,231462,361.660004,LEE,{D408FBF3-943B-49FD-B1ED-F763009654EE},
60,13,317,13317,Wilkes,Wilkes County,10593,N,N,N,N,N,N,N,Central Savannah River Area,303489,474.201996,WILKES,{3C1AC31B-C7CA-4E09-ABBF-17E4A09438E7},
61,13,171,13171,Lamar,Lamar County,18317,N,N,N,N,Y,N,N,Three Rivers,118910,185.796997,LAMAR,{C0B4C373-058F-4823-A88A-FA256FA27E49},
62,13,143,13143,Haralson,Haralson County,28780,N,N,N,N,Y,N,N,Northwest Georgia,181237,283.183014,HARALSON,{62868793-F549-4DA3-9B5D-1566905D1A3E},
63,13,069,13069,Coffee,Coffee County,42356,N,N,N,N,N,N,N,Southern Georgia,385768,602.762024,COFFEE,{FFD327B3-3942-4407-AB3E-2F27A45835CD},
64,13,125,13125,Glascock,Glascock County,3082,N,N,N,N,N,N,N,Central Savannah River Area,92479.203125,144.498993,GLASCOCK,{8199F11E-0ED9-4369-AA85-C0FD36931EA9},
65,13,245,13245,Richmond,Richmond County,200549,N,N,N,N,N,N,N,Central Savannah River Area,210453,328.832001,RICHMOND,{EB8758B7-47F1-4A60-8504-488DC673CB9F},
66,13,289,13289,Twiggs,Twiggs County,9023,N,N,N,N,N,N,N,Middle Georgia,232066,362.604004,TWIGGS,{645541C3-33AF-4D0D-B8DB-BE00D4DE1C31},
67,13,311,13311,White,White County,27144,N,N,N,N,N,N,N,Georgia Mountains,154987,242.167007,WHITE,{8FCD416E-9AA1-45F3-8C5C-A8E9C7BADC6B},
68,13,201,13201,Miller,Miller County,6125,N,N,N,N,N,N,N,Southwest Georgia,181521,283.626007,MILLER,{8B65AAE7-89E9-4C09-9041-FF0F8C610A6D},
69,13,199,13199,Meriwether,Meriwether County,21992,N,N,N,N,Y,N,N,Three Rivers,323414,505.334015,MERIWETHER,{0C1E48E5-A825-44A8-A87E-909FEA58A2A1},
70,13,217,13217,Newton,Newton County,99958,N,N,N,Partial,Y,N,Y,Northeast Georgia,178654,279.147003,NEWTON,{1F769E87-A151-4C25-A232-00FBB6CBFEED},
71,13,205,13205,Mitchell,Mitchell County,23498,N,N,N,N,N,N,N,Southwest Georgia,328781,513.721008,MITCHELL,{4703A79E-8222-4DCF-BF8B-476DF69F167C},
72,13,135,13135,Gwinnett,Gwinnett County,805321,Y,Y,Y,Y,Y,Y,Y,Atlanta Regional Commission,279481,436.688995,GWINNETT,{3BBB29C1-CFA9-4906-B2DA-6D86E4FB8DAD},
73,13,133,13133,Greene,Greene County,15994,N,N,N,N,N,N,N,Northeast Georgia,259978,406.214996,GREENE,{B39D245F-639F-4437-A2A6-2B35C3417444},
74,13,261,13261,Sumter,Sumter County,32819,N,N,N,N,N,N,N,River Valley,315235,492.554993,SUMTER,{F2152F4B-9DA6-4A23-91FF-BDB106343A61},
75,13,243,13243,Randolph,Randolph County,7719,N,N,N,N,N,N,N,River Valley,275724,430.819,RANDOLPH,{006D74B8-4B64-492A-BAAD-CF923E764E15},
76,13,119,13119,Franklin,Franklin County,22084,N,N,N,N,N,N,N,Georgia Mountains,170525,266.446014,FRANKLIN,{90A13E0D-41EC-437E-B1DF-65E0F66B586A},
77,13,235,13235,Pulaski,Pulaski County,12010,N,N,N,N,N,N,N,Middle Georgia,160756,251.182007,PULASKI,{AA2DAF88-E6AB-4BE1-B531-A7BA55417771},
78,13,027,13027,Brooks,Brooks County,16243,N,N,N,N,N,N,N,Southern Georgia,318553,497.738007,BROOKS,{68A5C241-8D02-41D4-A0E8-B1560DCF0CE2},
79,13,055,13055,Chattooga,Chattooga County,26015,N,N,N,N,N,N,N,Northwest Georgia,200695,313.585999,CHATTOOGA,{DFD7AF90-CB9C-449E-9B69-871235851369},
80,13,005,13005,Bacon,Bacon County,11096,N,N,N,N,N,N,N,Southern Georgia,183009,285.950989,BACON,{86253CB1-B939-4D23-9DFF-2C420FE78199},
81,13,287,13287,Turner,Turner County,8930,N,N,N,N,N,N,N,Southern Georgia,185562,289.94101,TURNER,{756EE73A-9935-47B9-AA23-0E0CA7F9E899},
82,13,185,13185,Lowndes,Lowndes County,109233,N,N,N,N,N,N,N,Southern Georgia,326762,510.56601,LOWNDES,{05D18CAE-4CCE-40B6-8BCA-D76DB368CCAA},
83,13,003,13003,Atkinson,Atkinson County,8375,N,N,N,N,N,N,N,Southern Georgia,220539,344.592011,ATKINSON,{3005BA95-23DA-44BC-B08A-80E02A660277},
84,13,281,13281,Towns,Towns County,10471,N,N,N,N,N,N,N,Georgia Mountains,110050,171.953995,TOWNS,{BAE93DAB-8E71-44DC-A3E0-0BF72F77904E},
85,13,251,13251,Screven,Screven County,14593,N,N,N,N,N,N,N,Coastal Regional Commission,420265,656.664001,SCREVEN,{192A8056-8500-484D-9F1F-FF4C683D6632},
86,13,285,13285,Troup,Troup County,67044,N,N,N,N,N,N,N,Three Rivers,285404,445.942993,TROUP,{508E597B-8439-4F96-BA8E-4B5F018CB3C0},
87,13,175,13175,Laurens,Laurens County,48434,N,N,N,N,N,N,N,Heart of Georgia Altamaha,523893,818.58197,LAURENS,{C58FE63F-0E74-4E02-95D0-609CF2740D8C},
88,13,111,13111,Fannin,Fannin County,23682,N,N,N,N,N,N,N,Northwest Georgia,250807,391.885986,FANNIN,{DDA9CEBF-AC90-491D-A59C-CF6626051D43},
89,13,275,13275,Thomas,Thomas County,44720,N,N,N,N,N,N,N,Southwest Georgia,353353,552.114014,THOMAS,{95B6C347-3BCE-472D-B48C-F87673E7435E},
90,13,121,13121,Fulton,Fulton County,920581,N,Y,Y,Y,Y,Y,Y,Atlanta Regional Commission,341906,534.229004,FULTON,{44A3942A-9608-4E68-A927-A38721FF266D},
91,13,043,13043,Candler,Candler County,10998,N,N,N,N,N,N,N,Heart of Georgia Altamaha,159389,249.044998,CANDLER,{A1003CD4-E916-4F58-A82C-9D91BC643391},
92,13,037,13037,Calhoun,Calhoun County,6694,N,N,N,N,N,N,N,Southwest Georgia,181462,283.533997,CALHOUN,{224CCDA8-41B9-40B9-8444-A0F5458DFD5C},
93,13,007,13007,Baker,Baker County,3451,N,N,N,N,N,N,N,Southwest Georgia,223407,349.074005,BAKER,{58F5A8F1-0D97-4CEA-A1BC-A17B637A01CD},
94,13,181,13181,Lincoln,Lincoln County,7996,N,N,N,N,N,N,N,Central Savannah River Area,164740,257.406006,LINCOLN,{03E63D7A-A977-42ED-B19E-F1E099E4580B},
95,13,081,13081,Crisp,Crisp County,23439,N,N,N,N,N,N,N,River Valley,179779,280.903992,CRISP,{3B14D541-3E98-43CD-9E91-18177FD28631},
96,13,153,13153,Houston,Houston County,139900,N,N,N,N,N,N,N,Middle Georgia,243113,379.86499,HOUSTON,{5A48AFDF-AB1F-4894-AE69-8F918A0F3BDE},
97,13,227,13227,Pickens,Pickens County,29431,N,N,N,N,Y,N,N,Northwest Georgia,148909,232.669998,PICKENS,{A1F6DFDD-7168-4BF9-A01F-215DCC1E865D},
98,13,307,13307,Webster,Webster County,2799,N,N,N,N,N,N,N,River Valley,134546,210.227005,WEBSTER,{5DFC00B1-BAD5-4AEA-88BD-9FD653AFAE28},
99,13,305,13305,Wayne,Wayne County,30099,N,N,N,N,N,N,N,Heart of Georgia Altamaha,415614,649.396973,WAYNE,{11969B4A-2AFE-4932-AADB-7C59856DFD3E},
100,13,103,13103,Effingham,Effingham County,52250,N,N,N,N,N,N,N,Coastal Regional Commission,309552,483.674988,EFFINGHAM,{7A882334-7BCB-42B3-A580-4F946FA096E1},
102,13,271,13271,Telfair,Telfair County,16500,N,N,N,N,N,N,N,Heart of Georgia Altamaha,284203,444.066986,TELFAIR,{55B32696-DA1F-4779-9509-775FBCE03593},
103,13,221,13221,Oglethorpe,Oglethorpe County,14899,N,N,N,N,N,N,N,Northeast Georgia,282918,442.05899,OGLETHORPE,{8DDF8E69-3F25-4805-97B0-8661545E8CCD},
104,13,303,13303,Washington,Washington County,21187,N,N,N,N,N,N,N,Central Savannah River Area,438077,684.495972,WASHINGTON,{4CADD5B1-A996-4373-9943-1A69445C1175},
105,13,021,13021,Bibb,Bibb County,155547,N,N,N,N,N,N,N,Middle Georgia,163409,255.326004,BIBB,{8B314E60-365A-4E45-BC35-BE723D7DBFDD},
107,13,091,13091,Dodge,Dodge County,21796,N,N,N,N,N,N,N,Heart of Georgia Altamaha,321998,503.122009,DODGE,{2B76B73F-BE10-467B-9F6A-BA2124AB2611},
108,13,265,13265,Taliaferro,Taliaferro County,1717,N,N,N,N,N,N,N,Central Savannah River Area,125041,195.376999,TALIAFERRO,{C5790EB2-5AA4-423E-B967-929009DEBC7F},
109,13,087,13087,Decatur,Decatur County,27842,N,N,N,N,N,N,N,Southwest Georgia,398763,623.067017,DECATUR,{FF2DFAA5-67FF-42B1-979F-51CC7515DC0F},
110,13,187,13187,Lumpkin,Lumpkin County,29966,N,N,N,N,N,N,N,Georgia Mountains,181850,284.140991,LUMPKIN,{D12A86E2-69BF-46F8-AAFF-519B92C808B0},
111,13,047,13047,Catoosa,Catoosa County,63942,N,N,N,N,N,N,N,Northwest Georgia,103974,162.459,CATOOSA,{633200AA-0748-4ED4-BC90-1FFF0337287B},
112,13,031,13031,Bulloch,Bulloch County,70217,N,N,N,N,N,N,N,Coastal Regional Commission,441197,689.370972,BULLOCH,{5CFE37C0-CC59-410B-984E-425F2ADCE59D},
113,13,165,13165,Jenkins,Jenkins County,8340,N,N,N,N,N,N,N,Central Savannah River Area,225774,352.772003,JENKINS,{533801E5-30B7-4F8D-844B-CCA7B97FC3B8},
114,13,141,13141,Hancock,Hancock County,9429,N,N,N,N,N,N,N,Central Savannah River Area,306383,478.722992,HANCOCK,{C780F6D6-D03D-401B-961F-941F421473AA},
115,13,293,13293,Upson,Upson County,27153,N,N,N,N,N,N,N,Three Rivers,209593,327.489014,UPSON,{AC01E945-D8B9-4A65-81C9-5D7981CB6E88},
116,13,095,13095,Dougherty,Dougherty County,94565,N,N,N,N,N,N,N,Southwest Georgia,214122,334.56601,DOUGHERTY,{7E027852-CB83-4163-9093-E07B845D73AE},
117,13,215,13215,Muscogee,Muscogee County,189885,N,N,N,N,N,N,N,River Valley,141431,220.985992,MUSCOGEE,{FA2E5E90-DF78-4059-B9F0-393C463D63B7},
118,13,061,13061,Clay,Clay County,3183,N,N,N,N,N,N,N,River Valley,139024,217.225006,CLAY,{7598358A-F893-4408-9762-6E3AF3BC9A49},
119,13,197,13197,Marion,Marion County,8742,N,N,N,N,N,N,N,River Valley,235146,367.415985,MARION,{2FE1444A-0604-4091-A436-99B24025F20F},
120,13,097,13097,Douglas,Douglas County,132403,Y,Y,Y,Y,Y,Y,Y,Atlanta Regional Commission,128641,201.001007,DOUGLAS,{3429ADB5-8FED-490F-AFFD-F56DE8AF28B8},
121,13,077,13077,Coweta,Coweta County,127317,N,N,Y,Y,Y,Y,Y,Three Rivers,285287,445.760986,COWETA,{A5D715F1-B2A9-4EDB-AFAA-FFC194FC6311},
122,13,259,13259,Stewart,Stewart County,6058,N,N,N,N,N,N,N,River Valley,296681,463.565002,STEWART,{337304A8-5C63-41D6-9A8E-245BC66F83BF},
123,13,149,13149,Heard,Heard County,11834,N,N,N,N,Y,N,N,Three Rivers,192700,301.092987,HEARD,{A4F8FA00-665E-4449-87E5-61E444760A28},
124,13,319,13319,Wilkinson,Wilkinson County,9563,N,N,N,N,N,N,N,Middle Georgia,289252,451.955994,WILKINSON,{5705A98C-D403-4C10-850C-08F8E6D3D1CB},
125,13,309,13309,Wheeler,Wheeler County,7421,N,N,N,N,N,N,N,Heart of Georgia Altamaha,192221,300.345001,WHEELER,{2D08C461-BD1B-4DEF-8D12-ACE43EDE812A},
126,13,191,13191,McIntosh,McIntosh County,14333,N,N,N,N,N,N,N,Coastal Regional Commission,367856,574.775024,MCINTOSH,{C629F784-D328-46B5-8E5E-B98A2071CF9B},
127,13,321,13321,Worth,Worth County,21679,N,N,N,N,N,N,N,Southwest Georgia,367777,574.651978,WORTH,{D6CF35B2-3C1E-4ACD-898E-DE3D7D7E011D},
128,13,035,13035,Butts,Butts County,23655,N,N,N,N,Y,N,N,Three Rivers,120323,188.005005,BUTTS,{BC658D13-5EB1-42E5-B457-F24A504FCDD0},
129,13,159,13159,Jasper,Jasper County,13900,N,N,N,N,Y,N,N,Northeast Georgia,238981,373.407013,JASPER,{2927FA68-4F29-4DCC-B55C-7FE229551690},
130,13,193,13193,Macon,Macon County,14740,N,N,N,N,N,N,N,River Valley,259783,405.911011,MACON,{87504DF1-CF95-4BDD-A0A3-38044DEA4314},
131,13,145,13145,Harris,Harris County,32024,N,N,N,N,N,N,N,River Valley,302667,472.917999,HARRIS,{A388E60C-9DEC-4367-B662-CFDC2645ECFB},
132,13,277,13277,Tift,Tift County,40118,N,N,N,N,N,N,N,Southern Georgia,172006,268.759003,TIFT,{7D786597-AA68-4075-A7C3-759458D6510E},
133,13,161,13161,Jeff Davis,Jeff Davis County,15068,N,N,N,N,N,N,N,Heart of Georgia Altamaha,214723,335.503998,JEFF DAVIS,{1EFDB4D6-8067-4077-BC2D-92B24AD6F81A},
134,13,257,13257,Stephens,Stephens County,26175,N,N,N,N,N,N,N,Georgia Mountains,117881,184.190002,STEPHENS,{58CFC9A3-8332-45B1-8805-00679B7303BC},
135,13,071,13071,Colquitt,Colquitt County,45498,N,N,N,N,N,N,N,Southwest Georgia,356190,556.547974,COLQUITT,{4D23CE4A-9FAE-42BE-A91E-7E47B0A3A296},
136,13,283,13283,Treutlen,Treutlen County,6885,N,N,N,N,N,N,N,Heart of Georgia Altamaha,129614,202.522003,TREUTLEN,{3E1998DD-B39E-4EE9-9F98-782D0BF0F0BA},
137,13,189,13189,McDuffie,McDuffie County,21875,N,N,N,N,N,N,N,Central Savannah River Area,170557,266.494995,MCDUFFIE,{9E08A91E-F9BD-4594-8D7B-08F0CD9AECDD},
138,13,089,13089,DeKalb,DeKalb County,691893,N,Y,Y,Y,Y,Y,Y,Atlanta Regional Commission,173496,271.087006,DEKALB,{3912F679-CB5F-4618-B448-53B943B436DF},
139,13,115,13115,Floyd,Floyd County,96317,N,N,N,N,N,N,N,Northwest Georgia,331827,518.47998,FLOYD,{ED00C8F8-7175-42A5-99D6-9D8BDC20EB15},
140,13,237,13237,Putnam,Putnam County,21218,N,N,N,N,N,N,N,Middle Georgia,230824,360.661987,PUTNAM,{795F9A85-69FA-4BDB-AC2B-4F43C3B21C50},
141,13,273,13273,Terrell,Terrell County,9315,N,N,N,N,N,N,N,Southwest Georgia,216090,337.640015,TERRELL,{41086D18-A3A1-465C-B85F-546033DB0E1E},
142,13,267,13267,Tattnall,Tattnall County,25520,N,N,N,N,N,N,N,Heart of Georgia Altamaha,312786,488.727997,TATTNALL,{CE06C87B-7214-49BF-994B-664334CC475E},
143,13,079,13079,Crawford,Crawford County,12630,N,N,N,N,N,N,N,Middle Georgia,208890,326.390015,CRAWFORD,{28D4E7EC-72D6-433E-B409-848FD30B036F},
144,13,183,13183,Long,Long County,14464,N,N,N,N,N,N,N,Coastal Regional Commission,258724,404.256012,LONG,{90D6D72D-47AD-4493-A95B-38EB3EE149E6},
145,13,147,13147,Hart,Hart County,25213,N,N,N,N,N,N,N,Georgia Mountains,164463,256.972992,HART,{25444153-1C63-43BB-AAD9-5B11CCD486AC},
146,13,057,13057,Cherokee,Cherokee County,214346,Y,Y,Y,Y,Y,Y,Y,Atlanta Regional Commission,277969,434.325989,CHEROKEE,{2E5CA3D4-B14C-4E90-9E96-1C3D7AA86608},
147,13,053,13053,Chattahoochee,Chattahoochee County,11267,N,N,N,N,N,N,N,River Valley,160727,251.136002,CHATTAHOOCHEE,{1A3AC460-F36D-44A9-A304-90E510144676},
148,13,209,13209,Montgomery,Montgomery County,9123,N,N,N,N,N,N,N,Heart of Georgia Altamaha,156663,244.785995,MONTGOMERY,{FB84BFED-A340-4FAF-B33F-B4BE832143E3},
151,13,017,13017,Ben Hill,Ben Hill County,17634,N,N,N,N,N,N,N,Southern Georgia,162500,253.906006,BEN HILL,{6D3550C8-5513-4BB6-AC63-43E8B86E0630},
153,13,011,13011,Banks,Banks County,18395,N,N,N,N,N,N,N,Georgia Mountains,149671,233.860992,BANKS,{8E9BBF53-95B2-4FA4-ABD5-39B02E25DC10},
154,13,223,13223,Paulding,Paulding County,142324,N,N,Y,Y,Y,Y,Y,Northwest Georgia,201159,314.311005,PAULDING,{B2B4F642-C02B-440C-90F1-9B42748EF6D0},
155,13,131,13131,Grady,Grady County,25011,N,N,N,N,N,N,N,Southwest Georgia,294510,460.17099,GRADY,{CA0502F7-D929-4AC1-AA26-088750C16EF3},
156,13,129,13129,Gordon,Gordon County,55186,N,N,N,N,N,N,N,Northwest Georgia,229125,358.007996,GORDON,{A4390658-671E-4BA5-8A6A-0BB22820933A},
157,13,157,13157,Jackson,Jackson County,60485,N,N,N,N,N,N,N,Northeast Georgia,219556,343.056,JACKSON,{53521898-9A6F-4C81-8CB3-6BD5137A2040},
158,13,313,13313,Whitfield,Whitfield County,102599,N,N,N,N,N,N,N,Northwest Georgia,186262,291.033997,WHITFIELD,{3167B8A9-2C9D-4583-B052-4C194E8BA018},
159,13,137,13137,Habersham,Habersham County,43041,N,N,N,N,N,N,N,Georgia Mountains,178555,278.992004,HABERSHAM,{7849098F-F377-438B-8594-2E769E3B6357},
20,13,045,13045,Carroll,Carroll County,110527,N,N,N,Partial,Y,N,N,Three Rivers,322447,503.824005,CARROLL,{33DEDEB8-8E54-40A7-A237-847405D84720},2015-10-14T17:21:50.000Z
57,13,085,13085,Dawson,Dawson County,22330,N,N,N,Partial,Y,N,N,Georgia Mountains,137194,214.365005,DAWSON,{7561741B-1026-4F5F-9DA1-43FF485FD57A},2015-10-14T17:36:02.000Z
59,13,015,13015,Bartow,Bartow County,100157,N,N,Y,N,Y,N,Y,Northwest Georgia,300840,470.062988,BARTOW,{A0492A5A-1A5A-4647-B5D0-7C6E191136FE},2015-10-14T17:35:02.000Z
101,13,139,13139,Hall,Hall County,179684,N,N,Y,N,N,N,N,Georgia Mountains,274700,429.218994,HALL,{07D5978F-9EDF-47D0-BBEE-B9DBF7387AD2},2015-10-14T17:21:59.000Z
106,13,255,13255,Spalding,Spalding County,64073,N,N,N,Partial,Y,N,N,Three Rivers,127712,199.550995,SPALDING,{A2D20EDB-3EDE-4795-8F48-66BB0B94AA3E},2015-10-14T17:22:06.000Z
149,13,297,13297,Walton,Walton County,83768,N,N,N,Partial,Y,N,N,Northeast Georgia,211166,329.946014,WALTON,{AC6F6636-DC09-40BB-9C44-6A43E3664156},2015-10-14T17:22:08.000Z
150,13,231,13231,Pike,Pike County,17869,N,N,N,Partial,Y,N,N,Three Rivers,140392,219.363007,PIKE,{FF6BC82B-44E8-49ED-890C-552258C1EAC7},2015-10-14T17:36:02.000Z
152,13,013,13013,Barrow,Barrow County,69367,N,N,N,Partial,Y,N,N,Northeast Georgia,104266,162.914993,BARROW,{76FCF409-DF1F-401B-9A6C-C4F0476F3647},2015-10-14T17:21:47.000Z
