OBJECTID,FeatureID,Name,DevType,Acres,SchoolES,SchoolMS,SchoolHS,YearBuilt,Gated,Private,TotalPop2015,TotalPop2015_MaritalStatus,TotalPop2015_NeverMarried,TotalPop2015_Married,TotalPop2015_Divorced,TotalPop2015_NeverMarried_PerOf,TotalPop2015_Married_PerOfTotal,TotalPop2015_Divorced_PerOfTota,TotalPop2015_NeverMarried_Per_1,TotalPop2015_Married_PerOfTot_1,TotalPop2015_Divorced_PerOfTo_1,TotalPop2015_PerOfTotalCity,Score_NeverMarriedPercentOfCity,Score_MarriedPercentOfCity,Score_DivorcedPercentOfCity,Shape_Length,Shape_Area
1,SA100494,Abberly Towneship,Townhomes,38.527943,Ocee Elementary School,Taylor Road Middle School,Chattahoochee High School,,Yes,Yes,1268,989,311,594,84,31.4459,60.0606,8.4934,0.619917,1.184021,0.167437,1.9017,2 - Average,2 - Average,1 - Low,5711.954513,1672304.390679
2,SA100476,Abbotts Bridge Place,Townhomes,40.911717,Wilson Creek Elementary School,River Trail Middle School,Northview High School,2007,Yes,Yes,398,306,64,210,32,20.915,68.6274,10.4575,0.127571,0.418593,0.063785,0.5969,1 - Low,1 - Low,1 - Low,6565.555033,1782051.457365
3,SA100519,Abbotts Falls,Townhomes,3.487876,Wilson Creek Elementary School,River Trail Middle School,Northview High School,,No,Yes,56,41,9,29,3,21.9512,70.7317,7.317,0.017939,0.057805,0.005979,0.0839,1 - Low,1 - Low,1 - Low,1547.697142,151931.872795
4,SA100496,Abbotts Mill,Townhomes,13.97787,Wilson Creek Elementary School,River Trail Middle School,Northview High School,,No,Yes,418,342,74,244,24,21.6374,71.345,7.0175,0.147504,0.486365,0.047839,0.6269,1 - Low,1 - Low,1 - Low,3806.206539,608860.529979
5,SA100418,Abbotts Pond,Subdivision,60.064373,Abbotts Hill Elementary School,Taylor Road Middle School,Chattahoochee High School,,No,No,114,88,31,51,6,35.2272,57.9545,6.8181,0.061792,0.101658,0.011959,0.1709,1 - Low,1 - Low,1 - Low,8530.742009,2616362.732628
6,SA100282,Abbotts Run,Subdivision,49.083515,Wilson Creek Elementary School,River Trail Middle School,Northview High School,,No,No,315,235,51,166,18,21.7021,70.6382,7.6595,0.101658,0.330888,0.035879,0.4724,1 - Low,1 - Low,1 - Low,7864.337316,2138046.972361
7,SA100302,Abbotts Station,Subdivision,21.287279,Wilson Creek Elementary School,River Trail Middle School,Northview High School,,No,No,88,62,13,43,6,20.9677,69.3548,9.6774,0.025912,0.085712,0.011959,0.1319,1 - Low,1 - Low,1 - Low,4560.916622,927241.525622
8,SA100419,Abbotts View,Subdivision,9.419481,Wilson Creek Elementary School,River Trail Middle School,Northview High School,,No,No,48,37,8,26,3,21.6216,70.2702,8.1081,0.015946,0.051825,0.005979,0.0719,1 - Low,1 - Low,1 - Low,3435.904637,410191.9593
9,SA100303,Abbotts Walk,Subdivision,25.817974,Wilson Creek Elementary School,River Trail Middle School,Northview High School,2001,No,No,198,147,32,104,11,21.7687,70.7482,7.4829,0.063785,0.207303,0.021926,0.2969,1 - Low,1 - Low,1 - Low,6315.850375,1124713.249159
10,SA100491,Addison Place,Apartments,49.411088,Abbotts Hill Elementary School,Taylor Road Middle School,Chattahoochee High School,,Yes,Yes,2121,1550,466,914,170,30.0645,58.9677,10.9677,0.928878,1.821878,0.338861,3.181,3 - High,2 - Average,2 - Average,6995.605473,2152346.646425
11,SA100463,Duck Pond,Apartments,18.615051,Ocee Elementary School,Taylor Road Middle School,Chattahoochee High School,,Yes,Yes,802,641,138,468,35,21.5288,73.0109,5.4602,0.275075,0.932865,0.069765,1.2028,2 - Average,2 - Average,1 - Low,3653.238679,810871.638781
12,SA100414,Amberleigh,Subdivision,69.637079,Shakerag Elementary School,River Trail Middle School,Northview High School,,No,No,388,293,69,211,13,23.5494,72.0136,4.4368,0.137537,0.420586,0.025912,0.5819,1 - Low,1 - Low,1 - Low,9553.972775,3033394.948817
13,SA100479,Ammersee,Subdivision,91.983086,Medlock Bridge Elementary School,Autrey Mill Middle School,Johns Creek High School,2000,Yes,Yes,103,77,6,71,0,7.7922,92.2077,0,0.011959,0.141524,0,0.1544,1 - Low,1 - Low,(no data),9464.109719,4006734.529862
14,SA100497,Andover,Subdivision,5.109501,Abbotts Hill Elementary School,Taylor Road Middle School,Chattahoochee High School,,No,Yes,3,2,1,1,0,50,50,0,0.001993,0.001993,0,0.0044,1 - Low,1 - Low,(no data),2090.50333,222575.908075
15,SA100450,Ashland,Subdivision,26.64943,Abbotts Hill Elementary School,Taylor Road Middle School,Chattahoochee High School,,No,No,399,278,57,193,28,20.5035,69.4244,10.0719,0.113618,0.384707,0.055812,0.5984,1 - Low,1 - Low,1 - Low,5445.90219,1160874.729626
16,SA100410,Aviary,Subdivision,67.865422,State Bridge Crossing Elementary School,Taylor Road Middle School,Chattahoochee High School,,No,No,1175,917,288,551,78,31.4067,60.0872,8.5059,0.574071,1.098309,0.155477,1.7622,2 - Average,2 - Average,1 - Low,6937.178281,2956217.779657
17,SA100487,Aylesbury Farms,Apartments,34.253482,Wilson Creek Elementary School,River Trail Middle School,Northview High School,,Yes,Yes,469,360,75,247,38,20.8333,68.6111,10.5555,0.149497,0.492345,0.075745,0.7033,1 - Low,1 - Low,1 - Low,5529.653986,1492065.342989
18,SA100307,Beckton Hall,Subdivision,12.122186,State Bridge Crossing Elementary School,Taylor Road Middle School,Chattahoochee High School,,No,No,41,32,10,19,3,31.25,59.375,9.375,0.019933,0.037872,0.005979,0.0614,1 - Low,1 - Low,1 - Low,3390.252338,527951.836914
19,SA100308,Bellacree,Subdivision,35.556183,Shakerag Elementary School,River Trail Middle School,Northview High School,,No,No,55,37,10,26,1,27.027,70.2702,2.7027,0.019933,0.051825,0.001993,0.0824,1 - Low,1 - Low,1 - Low,5014.452534,1548634.984606
20,SA100309,Bellemont Farms,Subdivision,38.599037,Shakerag Elementary School,River Trail Middle School,Northview High School,1993,No,No,601,416,115,289,12,27.6442,69.4711,2.8846,0.229229,0.576064,0.023919,0.9013,1 - Low,1 - Low,1 - Low,6428.39254,1670238.550783
21,SA100311,Bridgestone,Subdivision,41.638406,Ocee Elementary School,Taylor Road Middle School,Chattahoochee High School,,No,No,159,127,27,93,7,21.2598,73.2283,5.5118,0.053819,0.185377,0.013953,0.2384,1 - Low,1 - Low,1 - Low,6273.578864,1813646.602366
22,SA100312,Bridgewater,Subdivision,34.089517,Barnwell Elementary School,Haynes Bridge Middle School,Centennial High School,,No,No,138,98,18,71,9,18.3673,72.4489,9.1836,0.035879,0.141524,0.017939,0.2069,1 - Low,1 - Low,1 - Low,5132.146937,1484939.335864
23,SA100489,Brookhaven,Mixed,49.392898,Shakerag Elementary School,River Trail Middle School,Northview High School,,Yes,Yes,89,67,16,48,3,23.8805,71.6417,4.4776,0.031892,0.095678,0.005979,0.1334,1 - Low,1 - Low,1 - Low,6947.582776,2161717.534496
24,SA100313,Brookhollow,Subdivision,39.263725,Ocee Elementary School,Taylor Road Middle School,Chattahoochee High School,,No,No,230,163,52,97,14,31.9018,59.5092,8.5889,0.103651,0.19335,0.027906,0.3449,1 - Low,1 - Low,1 - Low,6303.730576,1710280.258391
25,SA100421,Cambridge,Subdivision,169.597792,Findley Oaks Elementary School,Taylor Road Middle School,Chattahoochee High School,,No,No,828,569,110,447,12,19.3321,78.5588,2.1089,0.219263,0.891006,0.023919,1.2418,1 - Low,2 - Average,1 - Low,13573.346333,7387505.888228
26,SA100297,Camden River,Apartments,45.528874,Medlock Bridge Elementary School,Autrey Mill Middle School,Johns Creek High School,,Yes,Yes,2229,1824,395,1300,129,21.6557,71.2719,7.0723,0.787354,2.591293,0.257136,3.3429,2 - Average,3 - High,2 - Average,7967.988084,1823842.902184
27,SA100379,Cameron Crest Farms,Subdivision,358.575746,Dolvin Elementary School,Autrey Mill Middle School,Johns Creek High School,,No,No,203,163,35,119,9,21.4723,73.0061,5.5214,0.069765,0.237202,0.017939,0.3044,1 - Low,1 - Low,1 - Low,18217.387863,15625542.952813
28,SA100380,Cameron Forest,Subdivision,169.180468,State Bridge Crossing Elementary School,Taylor Road Middle School,Chattahoochee High School,2005,No,No,476,361,119,217,25,32.9639,60.1108,6.9252,0.237202,0.432546,0.049832,0.7138,1 - Low,1 - Low,1 - Low,18158.685375,7369388.0217
29,SA100499,Carriage Homes at River Farm,Mixed,31.075684,State Bridge Crossing Elementary School,Autrey Mill Middle School,Johns Creek High School,,No,Yes,274,209,51,146,12,24.4019,69.8564,5.7416,0.101658,0.291022,0.023919,0.4109,1 - Low,1 - Low,1 - Low,5249.662255,1353653.738776
30,SA100381,Carriage Park,Subdivision,34.595323,Findley Oaks Elementary School,River Trail Middle School,Northview High School,,No,No,228,159,33,110,16,20.7547,69.1823,10.0628,0.065778,0.219263,0.031892,0.3419,1 - Low,1 - Low,1 - Low,5326.119913,1506907.939918
31,SA100265,Chartwell,Subdivision,123.090859,Hillside Elementary School,Haynes Bridge Middle School,Centennial High School,2000,No,No,980,737,152,503,82,20.6241,68.2496,11.1261,0.302981,1.002631,0.16345,1.4697,2 - Average,2 - Average,1 - Low,10445.576082,5361823.613869
32,SA100493,Chelsea Ridge Apartments,Apartments,35.576087,Medlock Bridge Elementary School,Autrey Mill Middle School,Johns Creek High School,,Yes,Yes,251,189,28,142,19,14.8148,75.1322,10.0529,0.055812,0.283048,0.037872,0.3764,1 - Low,1 - Low,1 - Low,6247.483567,1549694.433027
33,SA100425,Chessington Chase,Subdivision,11.163753,State Bridge Crossing Elementary School,Taylor Road Middle School,Chattahoochee High School,,No,No,74,54,19,32,3,35.1851,59.2592,5.5555,0.037872,0.063785,0.005979,0.1109,1 - Low,1 - Low,1 - Low,2816.975981,486234.596143
34,SA100268,Churchill Downs,Subdivision,17.172773,Ocee Elementary School,Taylor Road Middle School,Chattahoochee High School,,No,No,261,186,60,110,16,32.258,59.1397,8.6021,0.119598,0.219263,0.031892,0.3914,1 - Low,1 - Low,1 - Low,3946.994375,745176.879654
35,SA100407,Coldstream Courts,Subdivision,12.276633,State Bridge Crossing Elementary School,Autrey Mill Middle School,Johns Creek High School,,No,No,66,50,12,35,3,24,70,6,0.023919,0.069765,0.005979,0.0989,1 - Low,1 - Low,1 - Low,3342.468608,534767.986874
36,SA100446,Colony Glen,Subdivision,42.763636,Dolvin Elementary School,Autrey Mill Middle School,Johns Creek High School,,No,No,445,338,100,211,27,29.5857,62.426,7.9881,0.19933,0.420586,0.053819,0.6673,1 - Low,1 - Low,1 - Low,6996.550102,1862667.815693
37,SA100283,Concord Hall,Subdivision,62.547659,Lake Windward Elementary School,Taylor Road Middle School,Chattahoochee High School,,No,No,956,697,192,491,14,27.5466,70.4447,2.0086,0.382714,0.978711,0.027906,1.4337,2 - Average,2 - Average,1 - Low,8050.210037,2724552.659056
38,SA100480,"Country Club of the South, The",Subdivision,903.415394,Barnwell Elementary School,Autrey Mill Middle School,Johns Creek High School,,Yes,Yes,1897,1458,380,961,117,26.0631,65.9122,8.0246,0.757454,1.915563,0.233216,2.845,2 - Average,2 - Average,2 - Average,31035.315412,39345316.568893
39,SA100319,Creekside,Subdivision,28.127218,State Bridge Crossing Elementary School,Taylor Road Middle School,Chattahoochee High School,,No,No,266,193,68,116,9,35.2331,60.1036,4.6632,0.135544,0.231223,0.017939,0.3989,1 - Low,1 - Low,1 - Low,5109.62955,1225118.826386
40,SA100261,Creekside Crossing,Subdivision,90.95043,Wilson Creek Elementary School,River Trail Middle School,Northview High School,,No,No,50,38,8,26,4,21.0526,68.421,10.5263,0.015946,0.051825,0.007973,0.0749,1 - Low,1 - Low,1 - Low,9058.886951,3956229.623802
41,SA100276,Donamere,Subdivision,37.788228,State Bridge Crossing Elementary School,Taylor Road Middle School,Chattahoochee High School,,No,No,189,137,48,82,7,35.0364,59.854,5.1094,0.095678,0.16345,0.013953,0.2834,1 - Low,1 - Low,1 - Low,5314.909284,1646055.222186
42,SA100434,Doublegate,Subdivision,332.797976,State Bridge Crossing Elementary School,Autrey Mill Middle School,Johns Creek High School,1998,No,No,1408,1068,169,798,101,15.8239,74.7191,9.4569,0.336868,1.590655,0.201323,2.1116,2 - Average,2 - Average,2 - Average,21159.84703,14501719.254318
43,SA100394,Ellington,Subdivision,18.422949,Barnwell Elementary School,Autrey Mill Middle School,Johns Creek High School,,No,No,319,237,68,162,7,28.6919,68.3544,2.9535,0.135544,0.322915,0.013953,0.4784,1 - Low,1 - Low,1 - Low,3736.2088,802407.854348
44,SA100399,"Enclave at Foxdale, The",Subdivision,47.878598,Wilson Creek Elementary School,River Trail Middle School,Northview High School,,No,No,291,228,62,161,5,27.1929,70.614,2.1929,0.123584,0.320921,0.009966,0.4364,1 - Low,1 - Low,1 - Low,6118.78535,2085488.366601
45,SA100420,"Enclave at Wellington, The",Subdivision,45.260758,Findley Oaks Elementary School,Taylor Road Middle School,Chattahoochee High School,2001,No,No,320,224,46,155,23,20.5357,69.1964,10.2678,0.091691,0.308961,0.045845,0.4799,1 - Low,1 - Low,1 - Low,8040.704898,1971571.925003
46,SA100364,"Estates at Wellington, The",Subdivision,36.287304,Abbotts Hill Elementary School,Taylor Road Middle School,Chattahoochee High School,2001,No,No,111,81,24,48,9,29.6296,59.2592,11.1111,0.047839,0.095678,0.017939,0.1664,1 - Low,1 - Low,1 - Low,7178.056408,1580310.876366
47,SA100321,Evergreen Trace,Subdivision,20.569579,Northwood Elementary School,Haynes Bridge Middle School,Centennial High School,,No,No,271,202,53,116,33,26.2376,57.4257,16.3366,0.105645,0.231223,0.065778,0.4064,1 - Low,1 - Low,1 - Low,4388.595242,895920.173237
48,SA100322,Fairway Ridge,Subdivision,52.663722,Barnwell Elementary School,Haynes Bridge Middle School,Centennial High School,,No,No,1530,1282,327,602,353,25.507,46.9578,27.5351,0.651809,1.199968,0.703635,2.2946,2 - Average,2 - Average,3 - High,7133.434017,2294031.712804
49,SA100400,"Falls of Autry Mill, The",Subdivision,280.523284,Dolvin Elementary School,Autrey Mill Middle School,Johns Creek High School,2005,No,No,686,537,143,377,17,26.6294,70.2048,3.1657,0.285042,0.751475,0.033886,1.0288,2 - Average,2 - Average,1 - Low,21874.409019,12219589.351391
50,SA100269,Farmbrook,Subdivision,189.847577,State Bridge Crossing Elementary School,Autrey Mill Middle School,Johns Creek High School,,No,No,466,372,80,272,20,21.5053,73.1182,5.3763,0.159464,0.542178,0.039866,0.6988,1 - Low,1 - Low,1 - Low,21100.690832,8269608.452987
51,SA100325,Fox Creek,Subdivision,37.716935,State Bridge Crossing Elementary School,Autrey Mill Middle School,Johns Creek High School,1993,No,No,310,248,53,181,14,21.3709,72.9838,5.6451,0.105645,0.360787,0.027906,0.4649,1 - Low,1 - Low,1 - Low,5791.767568,1643290.439138
52,SA100490,"Gates at Johns Creek, The",Mixed,53.796783,Shakerag Elementary School,River Trail Middle School,Northview High School,,Yes,Yes,1348,1019,240,733,46,23.5525,71.9332,4.5142,0.478392,1.46109,0.091691,2.0216,2 - Average,2 - Average,1 - Low,8508.166227,2343374.108591
53,SA100328,Glastonberry,Subdivision,72.764327,Barnwell Elementary School,Autrey Mill Middle School,Johns Creek High School,,No,No,55,39,7,28,4,17.9487,71.7948,10.2564,0.013953,0.055812,0.007973,0.0824,1 - Low,1 - Low,1 - Low,9544.578485,3169406.444195
54,SA100402,Glenhurst,Subdivision,74.550957,Wilson Creek Elementary School,River Trail Middle School,Northview High School,1998,No,No,1857,1426,297,980,149,20.8274,68.7237,10.4488,0.59201,1.953436,0.297002,2.785,2 - Average,2 - Average,2 - Average,8639.767328,3247312.905353
55,SA100383,Glenside,Subdivision,7.639652,Medlock Bridge Elementary School,River Trail Middle School,Northview High School,,No,No,3,2,1,1,0,50,50,0,0.001993,0.001993,0,0.0044,1 - Low,1 - Low,(no data),2352.822255,332737.164365
56,SA100329,Hampton Square,Subdivision,41.527373,Ocee Elementary School,Taylor Road Middle School,Chattahoochee High School,,No,No,662,471,151,279,41,32.0594,59.2356,8.7048,0.300988,0.556131,0.081725,0.9928,2 - Average,1 - Low,1 - Low,7322.536371,1807911.157113
57,SA100454,Hartridge,Subdivision,76.781703,Hillside Elementary School,Haynes Bridge Middle School,Centennial High School,,No,No,64,52,11,38,3,21.1538,73.0769,5.7692,0.021926,0.075745,0.005979,0.0959,1 - Low,1 - Low,1 - Low,8698.103983,3344392.925734
58,SA100471,Haynes Bridge Manor,Subdivision,13.643242,Northwood Elementary School,Haynes Bridge Middle School,Centennial High School,,Yes,Yes,298,229,44,155,30,19.2139,67.6855,13.1004,0.087705,0.308961,0.059799,0.4469,1 - Low,1 - Low,1 - Low,3161.457135,594164.618981
59,SA100517,Haynes Landing,Subdivision,52.85142,Northwood Elementary School,Haynes Bridge Middle School,Centennial High School,,No,No,66,48,11,32,5,22.9166,66.6666,10.4166,0.021926,0.063785,0.009966,0.0989,1 - Low,1 - Low,1 - Low,7526.466693,2301892.658378
60,SA100330,Highgate,Subdivision,36.800537,Medlock Bridge Elementary School,River Trail Middle School,Northview High School,,No,No,628,481,170,294,17,35.343,61.1226,3.5343,0.338861,0.58603,0.033886,0.9418,2 - Average,1 - Low,1 - Low,4970.125403,1603008.645366
61,SA100403,Highland Park,Subdivision,49.542598,Lake Windward Elementary School,Taylor Road Middle School,Chattahoochee High School,,No,No,658,480,132,338,10,27.5,70.4166,2.0833,0.263115,0.673736,0.019933,0.9868,1 - Low,1 - Low,1 - Low,7296.48148,2158055.725631
62,SA100293,Hillbrooke,Subdivision,104.558256,Abbotts Hill Elementary School,Taylor Road Middle School,Chattahoochee High School,,No,No,180,132,40,78,14,30.303,59.0909,10.606,0.079732,0.155477,0.027906,0.2699,1 - Low,1 - Low,1 - Low,13041.309846,4554537.248022
63,SA100473,"Homestead, The",Subdivision,37.587867,Shakerag Elementary School,River Trail Middle School,Northview High School,,Yes,Yes,657,497,117,357,23,23.5412,71.8309,4.6277,0.233216,0.711608,0.045845,0.9853,1 - Low,1 - Low,1 - Low,7455.971845,1881942.492402
64,SA100444,Hunters Close,Subdivision,52.477595,State Bridge Crossing Elementary School,Taylor Road Middle School,Chattahoochee High School,,No,No,489,373,126,221,26,33.7801,59.2493,6.9705,0.251156,0.440519,0.051825,0.7333,1 - Low,1 - Low,1 - Low,9200.442058,2285780.044976
65,SA100332,Hunters Forest,Subdivision,34.956064,Ocee Elementary School,Taylor Road Middle School,Chattahoochee High School,,No,No,89,63,20,38,5,31.746,60.3174,7.9365,0.039866,0.075745,0.009966,0.1334,1 - Low,1 - Low,1 - Low,6679.48395,1522663.837165
66,SA100333,Huntington,Subdivision,44.045842,Shakerag Elementary School,River Trail Middle School,Northview High School,,No,No,72,50,14,35,1,28,70,2,0.027906,0.069765,0.001993,0.1079,1 - Low,1 - Low,1 - Low,5586.519146,1922444.410888
67,SA100331,Hunts Pointe,Subdivision,22.413332,Dolvin Elementary School,Autrey Mill Middle School,Johns Creek High School,,No,No,17,13,4,9,0,30.7692,69.2307,0,0.007973,0.017939,0,0.0254,1 - Low,1 - Low,(no data),4001.763448,976256.024146
68,SA100509,Inisfree,Subdivision,5.885344,Northwood Elementary School,Haynes Bridge Middle School,Centennial High School,,No,Yes,3,2,1,1,0,50,50,0,0.001993,0.001993,0,0.0044,1 - Low,1 - Low,(no data),2200.615144,256365.569146
69,SA100334,Jones Bridge Landing,Subdivision,10.369364,Barnwell Elementary School,Autrey Mill Middle School,Johns Creek High School,,No,No,68,49,9,35,5,18.3673,71.4285,10.204,0.017939,0.069765,0.009966,0.1019,1 - Low,1 - Low,1 - Low,2925.404544,451574.563712
70,SA100277,Jones Bridge Plantation,Subdivision,42.019317,Dolvin Elementary School,Autrey Mill Middle School,Johns Creek High School,,No,No,465,354,105,221,28,29.661,62.4293,7.9096,0.209296,0.440519,0.055812,0.6973,1 - Low,1 - Low,1 - Low,10186.336064,2083293.448884
71,SA100336,Jones Bridge Woods,Subdivision,9.912891,Ocee Elementary School,Taylor Road Middle School,Chattahoochee High School,,No,No,288,205,66,121,18,32.1951,59.0243,8.7804,0.131557,0.241189,0.035879,0.4319,1 - Low,1 - Low,1 - Low,3048.303061,431600.789213
72,SA100338,Kingston Crossing,Subdivision,61.145881,State Bridge Crossing Elementary School,Autrey Mill Middle School,Johns Creek High School,1991,No,No,712,544,134,379,31,24.6323,69.6691,5.6985,0.267102,0.755461,0.061792,1.0678,1 - Low,2 - Average,1 - Low,7781.797873,2679314.603683
73,SA100387,Lakehill,Subdivision,34.249896,State Bridge Crossing Elementary School,Taylor Road Middle School,Chattahoochee High School,,No,No,57,41,14,25,2,34.1463,60.9756,4.878,0.027906,0.049832,0.003986,0.0854,1 - Low,1 - Low,1 - Low,5473.941503,1491867.4437
74,SA100447,Lakeview Estates,Subdivision,82.680761,State Bridge Crossing Elementary School,Autrey Mill Middle School,Johns Creek High School,2004,No,No,60,46,11,32,3,23.913,69.5652,6.5217,0.021926,0.063785,0.005979,0.0899,1 - Low,1 - Low,1 - Low,8270.963526,3601381.068182
75,SA100339,Laurel Ridge,Subdivision,18.745021,Abbotts Hill Elementary School,Taylor Road Middle School,Chattahoochee High School,2004,No,No,9,7,2,4,1,28.5714,57.1428,14.2857,0.003986,0.007973,0.001993,0.0134,1 - Low,1 - Low,1 - Low,3657.121909,816490.783566
76,SA100340,Laurelwood,Subdivision,60.411205,Shakerag Elementary School,River Trail Middle School,Northview High School,,No,No,971,734,173,528,33,23.5694,71.9346,4.4959,0.344841,1.052463,0.065778,1.4562,2 - Average,2 - Average,1 - Low,8445.296811,2631512.078384
77,SA100401,Lexington Woods,Subdivision,73.697557,Abbotts Hill Elementary School,Taylor Road Middle School,Chattahoochee High School,,No,No,302,213,69,130,14,32.3943,61.0328,6.5727,0.137537,0.259129,0.027906,0.4529,1 - Low,1 - Low,1 - Low,7174.544072,3165421.087925
78,SA100341,Linkwood,Subdivision,37.070933,State Bridge Crossing Elementary School,Autrey Mill Middle School,Johns Creek High School,,No,No,26,21,5,15,1,23.8095,71.4285,4.7619,0.009966,0.029899,0.001993,0.0389,1 - Low,1 - Low,1 - Low,5079.100744,1614644.563142
79,SA100388,Long Indian Creek,Subdivision,103.389518,Dolvin Elementary School,Autrey Mill Middle School,Johns Creek High School,,No,No,569,413,85,272,56,20.5811,65.8595,13.5593,0.16943,0.542178,0.111624,0.8533,1 - Low,1 - Low,1 - Low,10528.012818,4503585.563985
80,SA100472,Long Pointe,Townhomes,7.550702,Northwood Elementary School,Haynes Bridge Middle School,Centennial High School,,Yes,Yes,70,53,10,36,7,18.8679,67.9245,13.2075,0.019933,0.071758,0.013953,0.1049,1 - Low,1 - Low,1 - Low,3640.725462,328878.061743
81,SA100448,Mabry Park,Subdivision,30.929424,Abbotts Hill Elementary School,Taylor Road Middle School,Chattahoochee High School,,No,No,278,215,77,124,14,35.8139,57.6744,6.5116,0.153484,0.247169,0.027906,0.4169,1 - Low,1 - Low,1 - Low,7300.038644,1354877.743884
82,SA100343,Mayfair,Subdivision,124.137812,Hillside Elementary School,Haynes Bridge Middle School,Centennial High School,1991,No,No,417,314,65,214,35,20.7006,68.1528,11.1464,0.129564,0.426566,0.069765,0.6254,1 - Low,1 - Low,1 - Low,13156.869786,5407452.63259
83,SA100408,Medlock Bridge,Subdivision,293.576716,Medlock Bridge Elementary School,Autrey Mill Middle School,Johns Creek High School,,No,No,1927,1477,521,902,54,35.2742,61.0697,3.656,1.03851,1.797958,0.107638,2.89,3 - High,2 - Average,1 - Low,24856.072577,12789767.259626
84,SA100467,Merrimont,Townhomes,15.335067,State Bridge Crossing Elementary School,Taylor Road Middle School,Chattahoochee High School,,Yes,Yes,275,214,67,129,18,31.3084,60.2803,8.4112,0.133551,0.257136,0.035879,0.4124,1 - Low,1 - Low,1 - Low,3592.530521,667995.478736
85,SA100483,Montclair,Subdivision,106.495199,Wilson Creek Elementary School,River Trail Middle School,Northview High School,,Yes,Yes,236,178,42,128,8,23.5955,71.9101,4.4943,0.083718,0.255142,0.015946,0.3539,1 - Low,1 - Low,1 - Low,9442.090951,4635797.56375
86,SA100511,Morningside,Townhomes,5.259136,State Bridge Crossing Elementary School,Taylor Road Middle School,Chattahoochee High School,,No,Yes,72,57,18,34,5,31.5789,59.6491,8.7719,0.035879,0.067772,0.009966,0.1079,1 - Low,1 - Low,1 - Low,2064.642143,229685.016134
87,SA100344,Morton Plantation,Subdivision,35.658303,State Bridge Crossing Elementary School,Taylor Road Middle School,Chattahoochee High School,,No,No,638,463,163,278,22,35.2051,60.0431,4.7516,0.324908,0.554138,0.043852,0.9568,2 - Average,1 - Low,1 - Low,5453.774347,1553233.957284
88,SA100426,Morton Reserve,Subdivision,48.763965,State Bridge Crossing Elementary School,Taylor Road Middle School,Chattahoochee High School,,No,No,376,273,96,164,13,35.1648,60.0732,4.7619,0.191357,0.326901,0.025912,0.5639,1 - Low,1 - Low,1 - Low,7271.855929,2124137.617512
89,SA100349,Oakmont,Subdivision,14.925474,Wilson Creek Elementary School,River Trail Middle School,Northview High School,,No,No,112,83,18,59,6,21.6867,71.0843,7.2289,0.035879,0.117604,0.011959,0.1679,1 - Low,1 - Low,1 - Low,3457.739512,650186.782109
90,SA100514,"Orchards at Jones Bridge, The",Townhomes,25.329703,Dolvin Elementary School,Autrey Mill Middle School,Johns Creek High School,1999,No,Yes,909,659,135,435,89,20.4855,66.0091,13.5053,0.269095,0.867086,0.177403,1.3632,1 - Low,2 - Average,1 - Low,4467.630718,1104129.689069
91,SA100350,Papillon,Subdivision,10.234259,Dolvin Elementary School,Autrey Mill Middle School,Johns Creek High School,1997,No,No,7,5,1,4,0,20,80,0,0.001993,0.007973,0,0.0104,1 - Low,1 - Low,(no data),3338.314863,446119.504512
92,SA100289,"Park at Breckenridge, The",Subdivision,48.551239,Barnwell Elementary School,Autrey Mill Middle School,Johns Creek High School,,No,No,1567,1135,262,754,119,23.0837,66.4317,10.4845,0.522245,1.50295,0.237202,2.3501,2 - Average,2 - Average,2 - Average,8193.111744,2114806.771413
93,SA100513,"Park at Nesbit Place, The",Townhomes,9.100874,Barnwell Elementary School,Haynes Bridge Middle School,Centennial High School,,No,Yes,18,12,2,9,1,16.6666,75,8.3333,0.003986,0.017939,0.001993,0.0269,1 - Low,1 - Low,1 - Low,3129.817245,396423.871326
94,SA100367,"Park at Rivermont, The",Subdivision,12.232211,Barnwell Elementary School,Haynes Bridge Middle School,Centennial High School,,No,No,811,577,103,419,55,17.8509,72.6169,9.532,0.20531,0.835193,0.109631,1.2163,1 - Low,2 - Average,1 - Low,3556.213514,535097.82541
95,SA100416,"Park at Wellington, The",Subdivision,52.153105,Findley Oaks Elementary School,Taylor Road Middle School,Chattahoochee High School,2001,No,No,1588,1107,227,768,112,20.5058,69.3766,10.1174,0.452479,1.530856,0.223249,2.3816,2 - Average,2 - Average,2 - Average,7561.984572,2271789.245757
96,SA100413,Parkside,Subdivision,49.279257,Shakerag Elementary School,River Trail Middle School,Northview High School,,No,No,91,68,16,49,3,23.5294,72.0588,4.4117,0.031892,0.097671,0.005979,0.1364,1 - Low,1 - Low,1 - Low,7298.200863,2146520.547621
97,SA100389,Parsons Run,Subdivision,139.205676,Medlock Bridge Elementary School,River Trail Middle School,Northview High School,,No,No,103,77,17,54,6,22.0779,70.1298,7.7922,0.033886,0.107638,0.011959,0.1544,1 - Low,1 - Low,1 - Low,15732.752008,6063829.278977
98,SA100390,Parsons Station,Subdivision,20.111683,Medlock Bridge Elementary School,River Trail Middle School,Northview High School,,No,No,384,286,62,202,22,21.6783,70.6293,7.6923,0.123584,0.402647,0.043852,0.5759,1 - Low,1 - Low,1 - Low,4592.668732,876081.565936
99,SA100461,Pinnacle,Townhomes,5.881813,Barnwell Elementary School,Haynes Bridge Middle School,Centennial High School,,No,Yes,55,47,12,22,13,25.5319,46.8085,27.6595,0.023919,0.043852,0.025912,0.0824,1 - Low,1 - Low,1 - Low,3449.490326,256211.787232
100,SA100353,Prestwick,Subdivision,108.055163,Medlock Bridge Elementary School,Autrey Mill Middle School,Johns Creek High School,,No,No,729,557,137,388,32,24.596,69.6588,5.745,0.273082,0.773401,0.063785,1.0933,2 - Average,2 - Average,1 - Low,11977.268863,4705718.55765
101,SA100393,Queensbury,Subdivision,44.156543,Barnwell Elementary School,Haynes Bridge Middle School,Centennial High School,,No,No,801,650,140,478,32,21.5384,73.5384,4.923,0.279062,0.952798,0.063785,1.2013,2 - Average,2 - Average,1 - Low,5592.100267,1923206.975811
102,SA100423,Randolph Hall,Subdivision,34.99559,Medlock Bridge Elementary School,River Trail Middle School,Northview High School,,No,No,275,211,74,129,8,35.071,61.1374,3.7914,0.147504,0.257136,0.015946,0.4124,1 - Low,1 - Low,1 - Low,5933.424842,1524378.002807
103,SA100412,"Reserve at Foxdale, The",Subdivision,65.735238,Wilson Creek Elementary School,River Trail Middle School,Northview High School,,No,No,1724,1352,370,955,27,27.3668,70.636,1.997,0.737521,1.903603,0.053819,2.5855,2 - Average,2 - Average,1 - Low,7395.638962,2863143.851443
104,SA100300,"Reserve at Johns Creek Walk, The",Mixed,8.96165,Wilson Creek Elementary School,River Trail Middle School,Northview High School,,Yes,Yes,694,483,99,335,49,20.4968,69.3581,10.1449,0.197336,0.667756,0.097671,1.0408,1 - Low,1 - Low,1 - Low,2517.552618,390369.470457
105,SA100486,"Residences at Johns Creek Walk, The",Mixed,9.028772,Wilson Creek Elementary School,River Trail Middle School,Northview High School,,Yes,Yes,7,4,1,3,0,25,75,0,0.001993,0.005979,0,0.0104,1 - Low,1 - Low,(no data),3570.361742,393293.317985
106,SA100439,"Ridge at Brumbelow, The",Subdivision,96.422455,Barnwell Elementary School,Haynes Bridge Middle School,Centennial High School,,No,No,2402,1709,306,1241,162,17.9052,72.6155,9.4792,0.60995,2.473688,0.322915,3.6024,2 - Average,3 - High,2 - Average,13953.997233,4200092.920799
107,SA100391,River Club,Subdivision,53.769022,Medlock Bridge Elementary School,Autrey Mill Middle School,Johns Creek High School,,No,No,14,10,1,9,0,10,90,0,0.001993,0.017939,0,0.0209,1 - Low,1 - Low,(no data),8313.865272,2342176.998806
108,SA100278,River Glen,Subdivision,120.31055,Barnwell Elementary School,Autrey Mill Middle School,Johns Creek High School,,No,No,162,128,31,82,15,24.2187,64.0625,11.7187,0.061792,0.16345,0.029899,0.2429,1 - Low,1 - Low,1 - Low,12246.632505,6082934.084844
109,SA100279,River Ridge,Subdivision,47.147068,Barnwell Elementary School,Haynes Bridge Middle School,Centennial High School,,No,No,123,102,26,48,28,25.4901,47.0588,27.4509,0.051825,0.095678,0.055812,0.1844,1 - Low,1 - Low,1 - Low,5687.148801,2053650.653721
110,SA100457,River Walk,Subdivision,136.146784,Shakerag Elementary School,River Trail Middle School,Northview High School,,No,No,274,189,52,132,5,27.5132,69.8412,2.6455,0.103651,0.263115,0.009966,0.4109,1 - Low,1 - Low,1 - Low,10092.1743,5930235.805751
111,SA100281,Rivermont Colony,Subdivision,58.313731,Barnwell Elementary School,Haynes Bridge Middle School,Centennial High School,,No,No,189,160,41,75,44,25.625,46.875,27.5,0.081725,0.149497,0.087705,0.2834,1 - Low,1 - Low,1 - Low,8367.555886,2540164.826741
112,SA100357,Roswell Mill,Subdivision,37.135516,Ocee Elementary School,Taylor Road Middle School,Chattahoochee High School,,No,No,216,153,49,91,13,32.0261,59.4771,8.4967,0.097671,0.18139,0.025912,0.3239,1 - Low,1 - Low,1 - Low,5814.57547,1617607.900377
113,SA100422,Seven Oaks,Subdivision,376.662348,Findley Oaks Elementary School,River Trail Middle School,Northview High School,2000,No,No,3102,2163,592,1467,104,27.3693,67.8224,4.8081,1.180035,2.924174,0.207303,4.6522,3 - High,3 - High,2 - Average,17770.333977,16407240.509209
114,SA100358,Silver Ridge,Subdivision,67.619705,Abbotts Hill Elementary School,Taylor Road Middle School,Chattahoochee High School,,No,No,295,228,81,132,15,35.5263,57.8947,6.5789,0.161457,0.263115,0.029899,0.4424,1 - Low,1 - Low,1 - Low,7978.067321,2945374.897273
115,SA100507,St. Ives Country Club,Subdivision,663.901691,Wilson Creek Elementary School,Autrey Mill Middle School,Johns Creek High School,,Yes,Yes,1640,1342,290,957,95,21.6095,71.3114,7.0789,0.578057,1.90759,0.189363,2.4596,2 - Average,2 - Average,2 - Average,23002.301116,28919626.473426
116,SA100404,Stevens Creek,Subdivision,48.312389,Lake Windward Elementary School,Taylor Road Middle School,Chattahoochee High School,,No,No,205,149,41,105,3,27.5167,70.4697,2.0134,0.081725,0.209296,0.005979,0.3074,1 - Low,1 - Low,1 - Low,6766.108426,2104518.907833
117,SA100510,Stone Pond,Subdivision,9.873129,State Bridge Crossing Elementary School,Autrey Mill Middle School,Johns Creek High School,1998,Yes,Yes,11,8,2,6,0,25,75,0,0.003986,0.011959,0,0.0164,1 - Low,1 - Low,(no data),3086.62124,430146.694693
118,SA100392,Stratmore,Subdivision,27.60567,State Bridge Crossing Elementary School,Autrey Mill Middle School,Johns Creek High School,1991,No,No,123,94,23,66,5,24.468,70.2127,5.3191,0.045845,0.131557,0.009966,0.1844,1 - Low,1 - Low,1 - Low,5603.717574,1202498.458377
119,SA100284,Sugar Mill,Subdivision,254.016631,Wilson Creek Elementary School,River Trail Middle School,Northview High School,2006,No,No,1043,818,224,578,16,27.3838,70.6601,1.9559,0.446499,1.152128,0.031892,1.5642,2 - Average,2 - Average,1 - Low,17659.738002,11064682.369554
120,SA100458,Summer Trace,Subdivision,43.529182,Northwood Elementary School,Haynes Bridge Middle School,Centennial High School,,No,No,221,164,43,94,27,26.2195,57.317,16.4634,0.085712,0.18737,0.053819,0.3314,1 - Low,1 - Low,1 - Low,5988.853776,1896134.416867
121,SA100477,Tavistock,Subdivision,35.988564,Shakerag Elementary School,River Trail Middle School,Northview High School,,Yes,Yes,5,4,1,3,0,25,75,0,0.001993,0.005979,0,0.0074,1 - Low,1 - Low,(no data),5247.457674,1567661.882442
122,SA100264,Thornhill,Subdivision,170.547394,Medlock Bridge Elementary School,Autrey Mill Middle School,Johns Creek High School,2003,No,No,211,161,40,112,9,24.8447,69.5652,5.59,0.079732,0.223249,0.017939,0.3164,1 - Low,1 - Low,1 - Low,16393.640043,7428852.51547
123,SA100371,Timberlane,Subdivision,37.063329,State Bridge Crossing Elementary School,Taylor Road Middle School,Chattahoochee High School,,No,No,298,233,73,140,20,31.3304,60.0858,8.5836,0.145511,0.279062,0.039866,0.4469,1 - Low,1 - Low,1 - Low,6160.416241,1614265.634823
124,SA100451,Timberstone,Subdivision,109.549021,Northwood Elementary School,Haynes Bridge Middle School,Centennial High School,,No,No,134,97,22,65,10,22.6804,67.0103,10.3092,0.043852,0.129564,0.019933,0.2009,1 - Low,1 - Low,1 - Low,16120.352707,4771753.481262
125,SA100512,Towne Village at New Haven,Townhomes,16.153928,Medlock Bridge Elementary School,Autrey Mill Middle School,Johns Creek High School,,No,Yes,75,56,8,42,6,14.2857,75,10.7142,0.015946,0.083718,0.011959,0.1124,1 - Low,1 - Low,1 - Low,3895.426517,703676.543091
126,SA100370,"Village at Jones Ferry, The",Subdivision,27.931867,Dolvin Elementary School,Autrey Mill Middle School,Johns Creek High School,,No,No,63,45,10,30,5,22.2222,66.6666,11.1111,0.019933,0.059799,0.009966,0.0944,1 - Low,1 - Low,1 - Low,5338.354791,1204669.635959
127,SA100373,Waterford,Subdivision,69.645441,State Bridge Crossing Elementary School,Taylor Road Middle School,Chattahoochee High School,1993,No,No,192,149,53,86,10,35.5704,57.7181,6.7114,0.105645,0.171424,0.019933,0.2879,1 - Low,1 - Low,1 - Low,8158.208475,3042257.84514
128,SA100503,Wentworth,Subdivision,15.591336,Northwood Elementary School,Haynes Bridge Middle School,Centennial High School,,No,Yes,117,87,23,50,14,26.4367,57.4712,16.0919,0.045845,0.099665,0.027906,0.1754,1 - Low,1 - Low,1 - Low,5123.343767,679038.886189
129,SA100286,Westbury,Subdivision,54.674881,Abbotts Hill Elementary School,Taylor Road Middle School,Chattahoochee High School,1999,No,No,1120,818,246,482,90,30.0733,58.9242,11.0024,0.490352,0.960771,0.179397,1.6797,2 - Average,2 - Average,1 - Low,7684.150136,2381574.834321
130,SA100427,Willow Run,Subdivision,56.13167,Dolvin Elementary School,Autrey Mill Middle School,Johns Creek High School,,No,No,333,256,76,166,14,29.6875,64.8437,5.4687,0.15149,0.330888,0.027906,0.4994,1 - Low,1 - Low,1 - Low,7270.148937,2843600.386252
131,SA100449,Windgate,Subdivision,64.762329,Abbotts Hill Elementary School,Taylor Road Middle School,Chattahoochee High School,,No,No,559,409,123,241,45,30.0733,58.9242,11.0024,0.245176,0.480385,0.089698,0.8383,1 - Low,1 - Low,1 - Low,6985.076514,2820962.533458
132,SA100375,Windsong Trace,Subdivision,19.633317,Findley Oaks Elementary School,River Trail Middle School,Northview High School,,No,No,659,460,94,319,47,20.4347,69.3478,10.2173,0.18737,0.635863,0.093685,0.9883,1 - Low,1 - Low,1 - Low,6528.717538,855095.83273
133,SA100267,Woodland Hills,Subdivision,39.772669,Northwood Elementary School,Haynes Bridge Middle School,Centennial High School,,No,No,586,436,114,250,72,26.1467,57.3394,16.5137,0.227236,0.498325,0.143517,0.8788,1 - Low,1 - Low,1 - Low,6258.626978,1732404.995487
134,SA100432,Wynbridge,Subdivision,11.72191,Dolvin Elementary School,Autrey Mill Middle School,Johns Creek High School,,No,No,572,457,98,334,25,21.4442,73.0853,5.4704,0.195343,0.665763,0.049832,0.8578,1 - Low,1 - Low,1 - Low,3431.808991,510557.490024
135,SA100377,Wynbrook,Subdivision,38.367389,Hillside Elementary School,Haynes Bridge Middle School,Centennial High School,,No,No,1057,796,164,543,89,20.603,68.216,11.1809,0.326901,1.082363,0.177403,1.5852,2 - Average,2 - Average,1 - Low,6783.16548,1671265.20749
136,SA100527,Palisades at Bellmoore Park,Subdivision,121.522405,Shakerag Elementary School,River Trail Middle School,Northview High School,2014,Yes,Yes,412,311,73,224,14,23.4726,72.0257,4.5016,0.145511,0.446499,0.027906,0.6179,1 - Low,1 - Low,1 - Low,16683.419879,5278654.336762
137,SA100538,Buice Creek Reserve,Subdivision,6.510764,Ocee Elementary School,Taylor Road Middle School,Chattahoochee High School,,No,No,100,77,23,48,6,29.8701,62.3376,7.7922,0.045845,0.095678,0.011959,0.1499,1 - Low,1 - Low,1 - Low,2302.224193,221323.824847
138,SA100542,Bayard,Subdivision,57.656126,State Bridge Crossing Elementary School,Autrey Mill Middle School,Johns Creek High School,2015,Yes,Yes,56,43,11,30,2,25.5813,69.7674,4.6511,0.021926,0.059799,0.003986,0.0839,1 - Low,1 - Low,1 - Low,6593.625847,2511490.813939
139,SA100539,Summit Point,Subdivision,3.724602,Ocee Elementary School,Taylor Road Middle School,Chattahoochee High School,2015,Yes,Yes,210,149,48,88,13,32.2147,59.0604,8.7248,0.095678,0.17541,0.025912,0.3149,1 - Low,1 - Low,1 - Low,1786.530571,162243.021611
140,SA100292,Abbotts Chase,Subdivision,3.100338,Abbotts Hill Elementary School,Taylor Road Middle School,Chattahoochee High School,,No,No,0,0,0,0,0,0,0,0,0,0,0,0,(no data),(no data),(no data),1466.325786,135006.756081
141,SA100301,Abbotts Cove,Subdivision,31.996347,Abbotts Hill Elementary School,Taylor Road Middle School,Chattahoochee High School,,No,No,0,0,0,0,0,0,0,0,0,0,0,0,(no data),(no data),(no data),5695.546911,1393760.878941
142,SA100378,Abbotts Landing,Subdivision,24.972745,Abbotts Hill Elementary School,Taylor Road Middle School,Chattahoochee High School,1993,No,No,0,0,0,0,0,0,0,0,0,0,0,0,(no data),(no data),(no data),4148.917387,1086245.434034
143,SA100294,Alvin Estates,Subdivision,3.338238,Northwood Elementary School,Haynes Bridge Middle School,Centennial High School,,No,No,0,0,0,0,0,0,0,0,0,0,0,0,(no data),(no data),(no data),1547.806532,145413.636926
144,SA100272,Anaheim Farms,Subdivision,21.323601,Northwood Elementary School,Haynes Bridge Middle School,Centennial High School,,No,No,0,0,0,0,0,0,0,0,0,0,0,0,(no data),(no data),(no data),4289.911833,928855.65569
145,SA100505,Arlington Pointe,Townhomes,7.544337,State Bridge Crossing Elementary School,Taylor Road Middle School,Chattahoochee High School,,No,Yes,0,0,0,0,0,0,0,0,0,0,0,0,(no data),(no data),(no data),2894.807186,328631.305059
146,SA100304,Ashlee Oaks,Subdivision,13.304486,Ocee Elementary School,Taylor Road Middle School,Chattahoochee High School,,No,No,0,0,0,0,0,0,0,0,0,0,0,0,(no data),(no data),(no data),3682.050998,579565.819533
147,SA100305,Ashley Glen,Subdivision,7.982322,Barnwell Elementary School,Haynes Bridge Middle School,Centennial High School,,No,No,0,0,0,0,0,0,0,0,0,0,0,0,(no data),(no data),(no data),3214.977286,351427.219688
148,SA100481,Autry Township,Subdivision,19.912987,Dolvin Elementary School,Autrey Mill Middle School,Johns Creek High School,,Yes,Yes,0,0,0,0,0,0,0,0,0,0,0,0,(no data),(no data),(no data),5138.062623,867313.992065
149,SA100395,Autry Trail,Subdivision,9.909475,Dolvin Elementary School,Autrey Mill Middle School,Johns Creek High School,,No,No,0,0,0,0,0,0,0,0,0,0,0,0,(no data),(no data),(no data),3383.721302,431519.888351
150,SA100306,Aviary Ridge,Subdivision,11.976659,State Bridge Crossing Elementary School,Taylor Road Middle School,Chattahoochee High School,,No,No,0,0,0,0,0,0,0,0,0,0,0,0,(no data),(no data),(no data),3302.916874,521567.50378
151,SA100296,Avonlea on the River,Apartments,32.869224,Wilson Creek Elementary School,Autrey Mill Middle School,Johns Creek High School,,Yes,Yes,0,0,0,0,0,0,0,0,0,0,0,0,(no data),(no data),(no data),7087.569827,1565247.990274
152,SA100452,Belcrest,Subdivision,36.524374,Shakerag Elementary School,River Trail Middle School,Northview High School,,No,No,0,0,0,0,0,0,0,0,0,0,0,0,(no data),(no data),(no data),4970.315309,1591001.721492
153,SA100515,Bellingrath Commons,Townhomes,16.110762,Northwood Elementary School,Haynes Bridge Middle School,Centennial High School,2000,No,Yes,0,0,0,0,0,0,0,0,0,0,0,0,(no data),(no data),(no data),3364.960818,701764.228832
154,SA100398,Blackstone,Subdivision,157.857287,Shakerag Elementary School,River Trail Middle School,Northview High School,2001,No,No,0,0,0,0,0,0,0,0,0,0,0,0,(no data),(no data),(no data),17084.894403,6876263.482612
155,SA100310,Bridgemor Heights,Subdivision,27.368364,State Bridge Crossing Elementary School,Taylor Road Middle School,Chattahoochee High School,,No,No,0,0,0,0,0,0,0,0,0,0,0,0,(no data),(no data),(no data),4662.424585,1192165.856216
156,SA100260,Bridgetown Villas,Townhomes,2.225499,Dolvin Elementary School,Autrey Mill Middle School,Johns Creek High School,2001,No,Yes,0,0,0,0,0,0,0,0,0,0,0,0,(no data),(no data),(no data),1416.340408,96942.716041
157,SA100397,Brookdale,Subdivision,6.923674,Dolvin Elementary School,Autrey Mill Middle School,Johns Creek High School,,No,No,0,0,0,0,0,0,0,0,0,0,0,0,(no data),(no data),(no data),2485.302091,320787.316738
158,SA100453,Brookshire Lake,Subdivision,15.60944,State Bridge Crossing Elementary School,Taylor Road Middle School,Chattahoochee High School,,No,No,0,0,0,0,0,0,0,0,0,0,0,0,(no data),(no data),(no data),4553.804258,679943.819398
159,SA100314,Brumbelow Crossing,Subdivision,14.1824,Hillside Elementary School,Haynes Bridge Middle School,Centennial High School,,No,No,0,0,0,0,0,0,0,0,0,0,0,0,(no data),(no data),(no data),3735.98949,617709.148989
160,SA100315,Brydon Park at Thornhill,Subdivision,15.735959,Medlock Bridge Elementary School,Autrey Mill Middle School,Johns Creek High School,,No,No,0,0,0,0,0,0,0,0,0,0,0,0,(no data),(no data),(no data),3535.124599,685405.056318
161,SA100316,Buice Road,Subdivision,19.750048,State Bridge Crossing Elementary School,Autrey Mill Middle School,Johns Creek High School,,No,No,0,0,0,0,0,0,0,0,0,0,0,0,(no data),(no data),(no data),5070.050571,844472.984023
162,SA100273,Carrington,Subdivision,16.470096,Barnwell Elementary School,Autrey Mill Middle School,Johns Creek High School,,No,No,0,0,0,0,0,0,0,0,0,0,0,0,(no data),(no data),(no data),3635.952786,717437.40029
163,SA100464,Century State Bridge,Apartments,22.153804,Ocee Elementary School,Taylor Road Middle School,Chattahoochee High School,,Yes,Yes,0,0,0,0,0,0,0,0,0,0,0,0,(no data),(no data),(no data),4328.912426,965019.723452
164,SA100465,Citadella,Subdivision,16.271456,Barnwell Elementary School,Autrey Mill Middle School,Johns Creek High School,,Yes,Yes,0,0,0,0,0,0,0,0,0,0,0,0,(no data),(no data),(no data),4742.583776,708787.389132
165,SA100443,Clublands,Subdivision,20.475862,State Bridge Crossing Elementary School,Autrey Mill Middle School,Johns Creek High School,1991,No,No,0,0,0,0,0,0,0,0,0,0,0,0,(no data),(no data),(no data),3965.233037,891794.641962
166,SA100318,Coventry at Jones Bridge,Subdivision,6.740757,Barnwell Elementary School,Autrey Mill Middle School,Johns Creek High School,,No,No,0,0,0,0,0,0,0,0,0,0,0,0,(no data),(no data),(no data),2303.521372,293627.125772
167,SA100295,Crossington Road at Wellington,Subdivision,20.035444,Findley Oaks Elementary School,Taylor Road Middle School,Chattahoochee High School,,No,No,0,0,0,0,0,0,0,0,0,0,0,0,(no data),(no data),(no data),10143.861157,872670.475642
168,SA100415,Devonhall,Subdivision,76.600354,Shakerag Elementary School,River Trail Middle School,Northview High School,,No,No,0,0,0,0,0,0,0,0,0,0,0,0,(no data),(no data),(no data),10683.504995,3336584.317943
169,SA100498,Eagle Glen,Mixed,20.114617,Barnwell Elementary School,Haynes Bridge Middle School,Centennial High School,,No,Yes,0,0,0,0,0,0,0,0,0,0,0,0,(no data),(no data),(no data),5212.880064,878210.007858
170,SA100466,Eaton Manor,Townhomes,5.896125,Wilson Creek Elementary School,River Trail Middle School,Northview High School,,Yes,Yes,0,0,0,0,0,0,0,0,0,0,0,0,(no data),(no data),(no data),3127.7141,256835.208501
171,SA100409,Edgehill Place,Subdivision,14.129353,Dolvin Elementary School,Autrey Mill Middle School,Johns Creek High School,,No,No,0,0,0,0,0,0,0,0,0,0,0,0,(no data),(no data),(no data),3348.784838,615324.746375
172,SA100320,Edgewater Estates,Subdivision,12.986158,Shakerag Elementary School,River Trail Middle School,Northview High School,,No,No,0,0,0,0,0,0,0,0,0,0,0,0,(no data),(no data),(no data),2956.101967,565677.043388
173,SA100263,"Enclave at Breckenridge, The",Subdivision,35.436818,Barnwell Elementary School,Autrey Mill Middle School,Johns Creek High School,,No,No,0,0,0,0,0,0,0,0,0,0,0,0,(no data),(no data),(no data),6010.922218,1543628.003198
174,SA100436,Enclave at Farmbrook,Subdivision,16.449576,State Bridge Crossing Elementary School,Autrey Mill Middle School,Johns Creek High School,,No,No,0,0,0,0,0,0,0,0,0,0,0,0,(no data),(no data),(no data),3415.720681,716496.161917
175,SA100298,"Enclave on Johns Creek, The",Subdivision,13.883946,State Bridge Crossing Elementary School,Taylor Road Middle School,Chattahoochee High School,,No,No,0,0,0,0,0,0,0,0,0,0,0,0,(no data),(no data),(no data),4788.045184,604784.88609
176,SA100438,"Estates at Deer Chase, The",Subdivision,14.665436,Barnwell Elementary School,Haynes Bridge Middle School,Centennial High School,,No,No,0,0,0,0,0,0,0,0,0,0,0,0,(no data),(no data),(no data),3687.683548,648678.74837
177,SA100411,"Estates at Foxdale, The",Subdivision,26.998908,Wilson Creek Elementary School,River Trail Middle School,Northview High School,,No,No,0,0,0,0,0,0,0,0,0,0,0,0,(no data),(no data),(no data),4627.587499,1175893.218618
178,SA100323,Falcon Ridge,Subdivision,10.841989,Ocee Elementary School,Taylor Road Middle School,Chattahoochee High School,,No,No,0,0,0,0,0,0,0,0,0,0,0,0,(no data),(no data),(no data),3161.22241,472277.040027
179,SA100288,Feather Sound,Subdivision,9.941426,Northwood Elementary School,Haynes Bridge Middle School,Centennial High School,,No,No,0,0,0,0,0,0,0,0,0,0,0,0,(no data),(no data),(no data),3541.665394,432833.289079
180,SA100270,Findley Chase,Subdivision,25.85894,Findley Oaks Elementary School,River Trail Middle School,Northview High School,,No,No,0,0,0,0,0,0,0,0,0,0,0,0,(no data),(no data),(no data),6097.565602,1126415.543983
181,SA100365,"Forest, The",Subdivision,37.187645,Abbotts Hill Elementary School,Taylor Road Middle School,Chattahoochee High School,,No,No,0,0,0,0,0,0,0,0,0,0,0,0,(no data),(no data),(no data),5310.375058,1619949.568993
182,SA100324,Forrest Lake,Subdivision,11.84925,State Bridge Crossing Elementary School,Autrey Mill Middle School,Johns Creek High School,,No,No,0,0,0,0,0,0,0,0,0,0,0,0,(no data),(no data),(no data),3837.352679,513731.90645
183,SA100326,Fox Glen,Subdivision,20.204777,Lake Windward Elementary School,Taylor Road Middle School,Chattahoochee High School,,No,No,0,0,0,0,0,0,0,0,0,0,0,0,(no data),(no data),(no data),4067.965056,879809.065887
184,SA100259,Foxworth,Subdivision,72.906976,Barnwell Elementary School,Autrey Mill Middle School,Johns Creek High School,,No,No,0,0,0,0,0,0,0,0,0,0,0,0,(no data),(no data),(no data),8088.455047,3175822.229533
185,SA100366,"Gates, The",Subdivision,32.268569,Ocee Elementary School,Taylor Road Middle School,Chattahoochee High School,1998,No,No,0,0,0,0,0,0,0,0,0,0,0,0,(no data),(no data),(no data),5102.232216,1403987.748786
186,SA100327,Georgian Ridge,Subdivision,9.51631,Hillside Elementary School,Haynes Bridge Middle School,Centennial High School,,No,No,0,0,0,0,0,0,0,0,0,0,0,0,(no data),(no data),(no data),2797.61994,414527.541551
187,SA100482,Grand Estates of the South,Subdivision,39.358054,Barnwell Elementary School,Autrey Mill Middle School,Johns Creek High School,,Yes,Yes,0,0,0,0,0,0,0,0,0,0,0,0,(no data),(no data),(no data),6469.786281,1714412.369221
188,SA100384,Haydens Walk,Subdivision,25.151276,State Bridge Crossing Elementary School,Autrey Mill Middle School,Johns Creek High School,1998,No,No,0,0,0,0,0,0,0,0,0,0,0,0,(no data),(no data),(no data),4748.542859,1095538.547344
189,SA100437,Haynesbrooke,Subdivision,4.69953,Northwood Elementary School,Haynes Bridge Middle School,Centennial High School,,Yes,Yes,0,0,0,0,0,0,0,0,0,0,0,0,(no data),(no data),(no data),2095.776345,204706.612607
190,SA100428,Herrington Cove,Subdivision,4.498595,Dolvin Elementary School,Autrey Mill Middle School,Johns Creek High School,,No,No,0,0,0,0,0,0,0,0,0,0,0,0,(no data),(no data),(no data),1837.444849,195958.791639
191,SA100271,Highlands at Johns Creek,Subdivision,10.224315,Findley Oaks Elementary School,River Trail Middle School,Northview High School,,No,No,0,0,0,0,0,0,0,0,0,0,0,0,(no data),(no data),(no data),3021.482429,445371.149152
192,SA100385,Ivey Ridge,Subdivision,25.738064,Northwood Elementary School,Haynes Bridge Middle School,Centennial High School,,No,No,0,0,0,0,0,0,0,0,0,0,0,0,(no data),(no data),(no data),7067.915468,1121064.804368
193,SA100456,Jaden Woods,Subdivision,37.095708,Shakerag Elementary School,River Trail Middle School,Northview High School,,No,No,0,0,0,0,0,0,0,0,0,0,0,0,(no data),(no data),(no data),6290.365418,1615889.163056
194,SA100523,Johns Creek Station,Subdivision,14.012769,Shakerag Elementary School,River Trail Middle School,Northview High School,2013,No,No,0,0,0,0,0,0,0,0,0,0,0,0,(no data),(no data),(no data),3736.201,618411.438727
195,SA100417,Jones Bridge Crossing,Subdivision,24.050589,Abbotts Hill Elementary School,Taylor Road Middle School,Chattahoochee High School,,No,No,0,0,0,0,0,0,0,0,0,0,0,0,(no data),(no data),(no data),4904.264095,1047643.658902
196,SA100485,Jones Bridge Estates,Subdivision,7.377706,Ocee Elementary School,Taylor Road Middle School,Chattahoochee High School,,Yes,No,0,0,0,0,0,0,0,0,0,0,0,0,(no data),(no data),(no data),2440.673417,320810.472885
197,SA100431,Jones Bridge Hills,Subdivision,6.005535,Dolvin Elementary School,Autrey Mill Middle School,Johns Creek High School,,No,No,0,0,0,0,0,0,0,0,0,0,0,0,(no data),(no data),(no data),2433.710609,261021.261496
198,SA100335,Jones Bridge Place,Subdivision,9.894097,Ocee Elementary School,Taylor Road Middle School,Chattahoochee High School,,No,No,0,0,0,0,0,0,0,0,0,0,0,0,(no data),(no data),(no data),3181.516345,430986.863467
199,SA100285,Jones Estates,Subdivision,2.900707,Dolvin Elementary School,Autrey Mill Middle School,Johns Creek High School,,No,No,0,0,0,0,0,0,0,0,0,0,0,0,(no data),(no data),(no data),1486.474171,126109.82309
200,SA100337,Kensington Oaks,Subdivision,13.575484,Lake Windward Elementary School,Taylor Road Middle School,Chattahoochee High School,,No,No,0,0,0,0,0,0,0,0,0,0,0,0,(no data),(no data),(no data),3653.83877,625226.674488
201,SA100501,Kimball Bridge at Creekside,Townhomes,4.712681,Ocee Elementary School,Taylor Road Middle School,Chattahoochee High School,,No,Yes,0,0,0,0,0,0,0,0,0,0,0,0,(no data),(no data),(no data),1812.656317,205284.400318
202,SA100442,Kimball Parc,Subdivision,9.091114,Ocee Elementary School,Taylor Road Middle School,Chattahoochee High School,,No,No,0,0,0,0,0,0,0,0,0,0,0,0,(no data),(no data),(no data),2435.482686,398088.859119
203,SA100386,Kings & Priests,Subdivision,50.691791,Shakerag Elementary School,River Trail Middle School,Northview High School,,No,No,0,0,0,0,0,0,0,0,0,0,0,0,(no data),(no data),(no data),9093.15702,2208134.592761
204,SA100430,Kingston Manor Park,Subdivision,6.976248,Dolvin Elementary School,Autrey Mill Middle School,Johns Creek High School,,No,No,0,0,0,0,0,0,0,0,0,0,0,0,(no data),(no data),(no data),2545.991256,303885.279798
205,SA100342,Mackinac,Subdivision,14.004584,Hillside Elementary School,Haynes Bridge Middle School,Centennial High School,,No,No,0,0,0,0,0,0,0,0,0,0,0,0,(no data),(no data),(no data),3407.807586,610013.014331
206,SA100484,Madison Park,Subdivision,14.962014,Barnwell Elementary School,Autrey Mill Middle School,Johns Creek High School,2010,Yes,Yes,0,0,0,0,0,0,0,0,0,0,0,0,(no data),(no data),(no data),3517.599882,651740.887639
207,SA100488,Magnolia Park,Subdivision,5.318691,Northwood Elementary School,Haynes Bridge Middle School,Centennial High School,2000,Yes,Yes,0,0,0,0,0,0,0,0,0,0,0,0,(no data),(no data),(no data),2252.467649,231682.166332
208,SA100290,Morton Chase,Subdivision,15.300227,State Bridge Crossing Elementary School,Taylor Road Middle School,Chattahoochee High School,,No,No,0,0,0,0,0,0,0,0,0,0,0,0,(no data),(no data),(no data),4603.184817,665794.55765
209,SA100345,Mount View,Subdivision,67.885176,Barnwell Elementary School,Haynes Bridge Middle School,Centennial High School,,No,No,0,0,0,0,0,0,0,0,0,0,0,0,(no data),(no data),(no data),12417.83794,2956888.424123
210,SA100468,Myers Park,Townhomes,15.085531,Wilson Creek Elementary School,Autrey Mill Middle School,Johns Creek High School,,Yes,Yes,0,0,0,0,0,0,0,0,0,0,0,0,(no data),(no data),(no data),4441.420563,657130.003261
211,SA100508,Noor,Subdivision,4.703873,Ocee Elementary School,Taylor Road Middle School,Chattahoochee High School,,No,Yes,0,0,0,0,0,0,0,0,0,0,0,0,(no data),(no data),(no data),2264.083571,204141.201758
212,SA100346,North Bridges,Subdivision,27.416268,Abbotts Hill Elementary School,Taylor Road Middle School,Chattahoochee High School,,No,No,0,0,0,0,0,0,0,0,0,0,0,0,(no data),(no data),(no data),5530.782504,1193655.276497
213,SA100347,North Peak,Subdivision,65.312977,Barnwell Elementary School,Haynes Bridge Middle School,Centennial High School,,No,No,0,0,0,0,0,0,0,0,0,0,0,0,(no data),(no data),(no data),8331.324135,2844893.870896
214,SA100433,Oak Bridge,Subdivision,15.674287,Barnwell Elementary School,Autrey Mill Middle School,Johns Creek High School,,No,No,0,0,0,0,0,0,0,0,0,0,0,0,(no data),(no data),(no data),4145.557069,682687.219488
215,SA100348,Oak Landing,Subdivision,8.794168,Ocee Elementary School,Taylor Road Middle School,Chattahoochee High School,,No,No,0,0,0,0,0,0,0,0,0,0,0,0,(no data),(no data),(no data),2682.80353,384416.709456
216,SA100521,"Oaks at Johns Creek, The",Apartments,23.303549,Shakerag Elementary School,River Trail Middle School,Northview High School,2012,Yes,Yes,0,0,0,0,0,0,0,0,0,0,0,0,(no data),(no data),(no data),5898.356581,1015102.611294
217,SA100299,Old Taylor Farms,Subdivision,38.093983,Shakerag Elementary School,River Trail Middle School,Northview High School,,Yes,Yes,0,0,0,0,0,0,0,0,0,0,0,0,(no data),(no data),(no data),6269.926161,1643281.396245
218,SA100429,Oxford Mill,Subdivision,163.046992,Dolvin Elementary School,Autrey Mill Middle School,Johns Creek High School,,No,No,0,0,0,0,0,0,0,0,0,0,0,0,(no data),(no data),(no data),12322.878764,7102172.27535
219,SA100474,"Park at Haynes Manor, The",Mixed,5.552684,Northwood Elementary School,Haynes Bridge Middle School,Centennial High School,,Yes,Yes,0,0,0,0,0,0,0,0,0,0,0,0,(no data),(no data),(no data),2007.68877,241873.935499
220,SA100351,Parsons Walk,Subdivision,8.923645,Wilson Creek Elementary School,River Trail Middle School,Northview High School,,No,No,0,0,0,0,0,0,0,0,0,0,0,0,(no data),(no data),(no data),3214.733508,388666.369438
221,SA100506,Kilarney at St. Ives,Subdivision,7.374238,Wilson Creek Elementary School,Autrey Mill Middle School,Johns Creek High School,,Yes,Yes,0,0,0,0,0,0,0,0,0,0,0,0,(no data),(no data),(no data),2499.716325,321221.792035
222,SA100352,Pine Ridge,Subdivision,5.043468,State Bridge Crossing Elementary School,Taylor Road Middle School,Chattahoochee High School,,No,No,0,0,0,0,0,0,0,0,0,0,0,0,(no data),(no data),(no data),2082.175945,219567.284555
223,SA100266,Preserve at Johns Creek,Subdivision,11.551094,Findley Oaks Elementary School,River Trail Middle School,Northview High School,,No,No,0,0,0,0,0,0,0,0,0,0,0,0,(no data),(no data),(no data),2983.790088,503175.246547
224,SA100275,Preston Oaks,Subdivision,25.731469,Barnwell Elementary School,Autrey Mill Middle School,Johns Creek High School,,No,No,0,0,0,0,0,0,0,0,0,0,0,0,(no data),(no data),(no data),4611.559961,1119120.567862
225,SA100469,Quail Hollow Estates,Subdivision,72.63725,Shakerag Elementary School,River Trail Middle School,Northview High School,,Yes,Yes,0,0,0,0,0,0,0,0,0,0,0,0,(no data),(no data),(no data),8361.071253,3159859.770674
226,SA100287,Queensbury East,Subdivision,20.898355,Barnwell Elementary School,Haynes Bridge Middle School,Centennial High School,,No,No,0,0,0,0,0,0,0,0,0,0,0,0,(no data),(no data),(no data),3942.481677,902504.400122
227,SA100518,"Regency at Johns Creek Walk, The",Mixed,11.128223,Wilson Creek Elementary School,River Trail Middle School,Northview High School,,Yes,Yes,0,0,0,0,0,0,0,0,0,0,0,0,(no data),(no data),(no data),2919.84457,529974.236454
228,SA100455,"Regency at Wellington, The",Subdivision,32.548347,Findley Oaks Elementary School,Taylor Road Middle School,Chattahoochee High School,2001,No,No,0,0,0,0,0,0,0,0,0,0,0,0,(no data),(no data),(no data),5828.689244,1417801.243919
229,SA100368,"Reserve at Wellington, The",Subdivision,28.904201,Findley Oaks Elementary School,Taylor Road Middle School,Chattahoochee High School,2001,No,No,0,0,0,0,0,0,0,0,0,0,0,0,(no data),(no data),(no data),5115.650139,1259071.583223
230,SA100355,River Farm,Subdivision,41.431207,State Bridge Crossing Elementary School,Autrey Mill Middle School,Johns Creek High School,,No,No,0,0,0,0,0,0,0,0,0,0,0,0,(no data),(no data),(no data),6137.751497,1804595.01847
231,SA100406,River Knoll,Subdivision,15.357143,State Bridge Crossing Elementary School,Autrey Mill Middle School,Johns Creek High School,1991,No,No,0,0,0,0,0,0,0,0,0,0,0,0,(no data),(no data),(no data),3570.594863,699783.511131
232,SA100356,River Trace,Subdivision,11.687188,Barnwell Elementary School,Autrey Mill Middle School,Johns Creek High School,,No,No,0,0,0,0,0,0,0,0,0,0,0,0,(no data),(no data),(no data),3265.612328,508927.71397
233,SA100280,Rivermont,Subdivision,113.638874,Barnwell Elementary School,Haynes Bridge Middle School,Centennial High School,,No,No,0,0,0,0,0,0,0,0,0,0,0,0,(no data),(no data),(no data),10077.699837,5010310.845652
234,SA100445,Rivermont Club,Subdivision,11.167714,Barnwell Elementary School,Haynes Bridge Middle School,Centennial High School,,No,No,0,0,0,0,0,0,0,0,0,0,0,0,(no data),(no data),(no data),4549.329557,459213.401928
235,SA100504,Rivermont Village,Townhomes,21.862158,Barnwell Elementary School,Haynes Bridge Middle School,Centennial High School,,No,Yes,0,0,0,0,0,0,0,0,0,0,0,0,(no data),(no data),(no data),4330.182733,952315.609537
236,SA100405,Riverwood,Subdivision,76.440839,Medlock Bridge Elementary School,Autrey Mill Middle School,Johns Creek High School,,No,No,0,0,0,0,0,0,0,0,0,0,0,0,(no data),(no data),(no data),12938.064596,3329637.416473
237,SA100440,Saddle Bridge,Subdivision,30.980215,State Bridge Crossing Elementary School,Taylor Road Middle School,Chattahoochee High School,,No,No,0,0,0,0,0,0,0,0,0,0,0,0,(no data),(no data),(no data),6415.231156,1349355.396286
238,SA100262,Saint Clair,Subdivision,40.887949,Hillside Elementary School,Haynes Bridge Middle School,Centennial High School,1991,No,No,0,0,0,0,0,0,0,0,0,0,0,0,(no data),(no data),(no data),8501.418217,1781126.318117
239,SA100441,Spring Garden,Subdivision,2.982773,State Bridge Crossing Elementary School,Autrey Mill Middle School,Johns Creek High School,,No,No,0,0,0,0,0,0,0,0,0,0,0,0,(no data),(no data),(no data),1502.380305,130484.181378
240,SA100359,Spring Meadow Farms,Subdivision,43.907073,Shakerag Elementary School,River Trail Middle School,Northview High School,,No,No,0,0,0,0,0,0,0,0,0,0,0,0,(no data),(no data),(no data),6859.974995,1847725.623424
241,SA100291,Springfield,Townhomes,16.584324,Dolvin Elementary School,Autrey Mill Middle School,Johns Creek High School,,No,Yes,0,0,0,0,0,0,0,0,0,0,0,0,(no data),(no data),(no data),4601.202325,742298.02637
242,SA100500,St. Amour,Subdivision,5.37689,Findley Oaks Elementary School,River Trail Middle School,Northview High School,,No,Yes,0,0,0,0,0,0,0,0,0,0,0,0,(no data),(no data),(no data),2194.283086,234215.476543
243,SA100462,St. Andrews Apartments,Apartments,37.268738,Dolvin Elementary School,Autrey Mill Middle School,Johns Creek High School,,Yes,Yes,0,0,0,0,0,0,0,0,0,0,0,0,(no data),(no data),(no data),7178.6903,1621950.247125
244,SA100360,St. Regis,Subdivision,35.219421,Hillside Elementary School,Haynes Bridge Middle School,Centennial High School,,No,No,0,0,0,0,0,0,0,0,0,0,0,0,(no data),(no data),(no data),5472.275167,1534100.186573
245,SA100361,Standard View,Subdivision,21.138882,Findley Oaks Elementary School,River Trail Middle School,Northview High School,1993,No,No,0,0,0,0,0,0,0,0,0,0,0,0,(no data),(no data),(no data),4330.696918,920746.096768
246,SA100520,Stonegrove Overlook,Subdivision,16.991213,Medlock Bridge Elementary School,River Trail Middle School,Northview High School,2012,,No,0,0,0,0,0,0,0,0,0,0,0,0,(no data),(no data),(no data),5783.128175,740125.244157
247,SA100424,Stonehaven,Subdivision,39.886371,Medlock Bridge Elementary School,River Trail Middle School,Northview High School,,No,No,0,0,0,0,0,0,0,0,0,0,0,0,(no data),(no data),(no data),7406.419183,1737199.655713
248,SA100362,Surrey Park,Subdivision,23.019962,Abbotts Hill Elementary School,Taylor Road Middle School,Chattahoochee High School,,No,No,0,0,0,0,0,0,0,0,0,0,0,0,(no data),(no data),(no data),4504.825579,1002699.538225
249,SA100369,"Vicarage, The",Subdivision,35.914619,Lake Windward Elementary School,Taylor Road Middle School,Chattahoochee High School,,No,No,0,0,0,0,0,0,0,0,0,0,0,0,(no data),(no data),(no data),5361.313157,1564461.058257
250,SA100372,Village at Thornhill,Townhomes,7.0887,Medlock Bridge Elementary School,Autrey Mill Middle School,Johns Creek High School,1986,No,Yes,0,0,0,0,0,0,0,0,0,0,0,0,(no data),(no data),(no data),2600.546895,308783.764133
251,SA100460,Villas of Johns Creek,Townhomes,13.492075,Wilson Creek Elementary School,River Trail Middle School,Northview High School,2009,Yes,Yes,0,0,0,0,0,0,0,0,0,0,0,0,(no data),(no data),(no data),4402.323676,587714.779606
252,SA100502,Wellsley,Townhomes,8.877082,Lake Windward Elementary School,Taylor Road Middle School,Chattahoochee High School,,No,Yes,0,0,0,0,0,0,0,0,0,0,0,0,(no data),(no data),(no data),2986.260737,386685.67699
253,SA100495,Willow Royal,Subdivision,1.798694,Northwood Elementary School,Haynes Bridge Middle School,Centennial High School,,Yes,Yes,0,0,0,0,0,0,0,0,0,0,0,0,(no data),(no data),(no data),1366.68721,78351.121489
254,SA100374,Windermere Park,Subdivision,33.54976,Abbotts Hill Elementary School,Taylor Road Middle School,Chattahoochee High School,,No,No,0,0,0,0,0,0,0,0,0,0,0,0,(no data),(no data),(no data),5668.143526,1461445.443388
255,SA100475,Winfield on the River,Subdivision,84.471763,Medlock Bridge Elementary School,Autrey Mill Middle School,Johns Creek High School,,Yes,Yes,0,0,0,0,0,0,0,0,0,0,0,0,(no data),(no data),(no data),8986.27138,3679533.443944
256,SA100492,Winthrop Park,Subdivision,11.344769,State Bridge Crossing Elementary School,Autrey Mill Middle School,Johns Creek High School,,Yes,Yes,0,0,0,0,0,0,0,0,0,0,0,0,(no data),(no data),(no data),4205.127842,494180.537132
257,SA100376,Woodridge,Subdivision,10.171967,Barnwell Elementary School,Autrey Mill Middle School,Johns Creek High School,,No,No,0,0,0,0,0,0,0,0,0,0,0,0,(no data),(no data),(no data),2825.759613,443032.225438
258,SA100470,Woodvale,Subdivision,11.146128,Northwood Elementary School,Haynes Bridge Middle School,Centennial High School,,Yes,Yes,0,0,0,0,0,0,0,0,0,0,0,0,(no data),(no data),(no data),2930.041916,484938.320369
259,SA100478,Wyngate,Subdivision,10.552789,Lake Windward Elementary School,Taylor Road Middle School,Chattahoochee High School,,Yes,Yes,0,0,0,0,0,0,0,0,0,0,0,0,(no data),(no data),(no data),3339.712716,459676.599789
260,SA100524,"Reserve at Autry Mill, The",Subdivision,8.62,Dolvin Elementary School,Autrey Mill Middle School,Johns Creek High School,2014,No,No,0,0,0,0,0,0,0,0,0,0,0,0,(no data),(no data),(no data),2978.098774,434114.136711
261,SA100525,Findley Cove,Subdivision,1.455319,Findley Oaks Elementary School,River Trail Middle School,Northview High School,2014,No,Yes,0,0,0,0,0,0,0,0,0,0,0,0,(no data),(no data),(no data),1038.135331,63393.472695
262,SA100526,Byers Landing,Subdivision,3.137,Abbotts Hill Elementary School,Taylor Road Middle School,Chattahoochee High School,2014,No,Yes,0,0,0,0,0,0,0,0,0,0,0,0,(no data),(no data),(no data),1441.43298,115130.212923
263,SA100528,Meadowview at Bellmoore Park,Subdivision,17.411481,Shakerag Elementary School,River Trail Middle School,Northview High School,,Yes,Yes,0,0,0,0,0,0,0,0,0,0,0,0,(no data),(no data),(no data),5160.85676,756875.389338
264,SA100529,Bridgeview at Bellmoore Park,Subdivision,16.904352,Shakerag Elementary School,River Trail Middle School,Northview High School,,Yes,Yes,0,0,0,0,0,0,0,0,0,0,0,0,(no data),(no data),(no data),4726.138926,731533.843278
265,SA100530,Brookview at Bellmoore Park,Subdivision,17.120543,Shakerag Elementary School,River Trail Middle School,Northview High School,,Yes,Yes,0,0,0,0,0,0,0,0,0,0,0,0,(no data),(no data),(no data),4040.133561,746642.152515
266,SA100531,"Woodlands at Bellmoore Park, The",Subdivision,27.706191,Shakerag Elementary School,River Trail Middle School,Northview High School,,Yes,Yes,0,0,0,0,0,0,0,0,0,0,0,0,(no data),(no data),(no data),5723.752107,1206876.868183
267,SA100532,Twin Creeks at Bellmoore Park,Subdivision,23.197459,Shakerag Elementary School,River Trail Middle School,Northview High School,,Yes,Yes,0,0,0,0,0,0,0,0,0,0,0,0,(no data),(no data),(no data),4146.944466,1010477.274402
268,SA100533,Easthaven,Subdivision,38.670763,Shakerag Elementary School,River Trail Middle School,Northview High School,2014,No,No,0,0,0,0,0,0,0,0,0,0,0,0,(no data),(no data),(no data),5532.614887,1649352.416306
269,SA100522,Greenwich Park,Subdivision,12.314368,State Bridge Crossing Elementary School,Autrey Mill Middle School,Johns Creek High School,2014,Yes,Yes,0,0,0,0,0,0,0,0,0,0,0,0,(no data),(no data),(no data),3679.594391,526551.075576
270,SA100534,Cameron Parc,Mixed,12.450635,State Bridge Crossing Elementary School,Autrey Mill Middle School,Johns Creek High School,2015,No,Yes,0,0,0,0,0,0,0,0,0,0,0,0,(no data),(no data),(no data),3512.396269,514255.181677
271,SA100396,North Fulton Estates,Subdivision,32.661277,State Bridge Crossing Elementary School,Autrey Mill Middle School,Johns Creek High School,,No,No,0,0,0,0,0,0,0,0,0,0,0,0,(no data),(no data),(no data),6126.52732,1058078.822754
272,SA100535,Brookmere at Johns Creek,Mixed,52.366317,Shakerag Elementary School,River Trail Middle School,Northview High School,2014,Yes,Yes,0,0,0,0,0,0,0,0,0,0,0,0,(no data),(no data),(no data),8279.673716,2264047.458423
273,SA100536,Adair Manor,Subdivision,32.891589,Shakerag Elementary School,River Trail Middle School,Northview High School,2015,No,No,0,0,0,0,0,0,0,0,0,0,0,0,(no data),(no data),(no data),4713.22691,1432749.502235
274,SA100537,Londonberry,Townhomes,6.04933,State Bridge Crossing Elementary School,Taylor Road Middle School,Chattahoochee High School,2015,No,Yes,0,0,0,0,0,0,0,0,0,0,0,0,(no data),(no data),(no data),2483.436753,263507.804957
275,SA100540,Abbotts Square,Townhomes,6.954136,Abbotts Hill Elementary School,Taylor Road Middle School,Chattahoochee High School,2015,Yes,Yes,0,0,0,0,0,0,0,0,0,0,0,0,(no data),(no data),(no data),2339.479067,302920.962174
276,SA100541,Shakerag Manor,Subdivision,18.502626,Shakerag Elementary School,River Trail Middle School,Northview High School,2015,No,Yes,0,0,0,0,0,0,0,0,0,0,0,0,(no data),(no data),(no data),4957.155612,805971.153821
