OBJECTID,FeatureID,AddrPtID,LndMrkType,CommonName,AddrNum,PreMod,PreDir,PreType,Separator,Name,PostType,PostDir,PostMod,City,State,Zip,Zip4,Ownership,Maintainer,Source,Comment,GlobalID,created_date,last_edited_date,Shape__Area,Shape__Length
1,LM100092,AP104567,School - Private/Other,Holy Redeemer Catholic School,3380,,,,,Old Alabama,Road,,,Johns Creek,GA,30022,,Private,,,,93beb491-059e-4706-84f8-b99fcbe2e650,2012-05-18T12:31:40.000Z,2015-02-10T17:00:25.000Z,5.54275310734886e-06,0.00936668694858345
2,LM100001,AP112346,Park - Local,Ocee Park,10900,,,,,Buice,Road,,,Johns Creek,GA,30022,,Public,Johns Creek,,,e981368c-500c-407b-8cf6-9b8d1980cadd,2011-03-18T08:46:03.000Z,2014-04-07T12:02:58.000Z,1.41962845519444e-05,0.0162823075236194
3,LM100002,AP114627,Park - Local,Autrey Mill Nature Preserve & Heritage Center,9770,,,,,Autrey Mill,Road,,,Johns Creek,GA,30022,,Private,,,,0a0a9774-a81f-4ecd-8d58-db2d91df400c,2011-03-18T08:46:03.000Z,2018-02-08T19:19:49.000Z,1.77446079259814e-05,0.0229652518935381
4,LM100003,AP104562,Park - Local,Newtown Park,3150,,,,,Old Alabama,Road,,,Johns Creek,GA,30022,,Public,Johns Creek,,,35b7f4ae-3e7f-4d01-bea0-8d12c673d1ac,2011-03-18T08:46:04.000Z,2014-04-07T12:02:58.000Z,2.07844977500292e-05,0.0203173370044736
5,LM100004,AP110684,Park - State/Federal,Chattahoochee River National Recreation Area - Jones Bridge,9101,,,,,Barnwell,Road,,,Johns Creek,GA,30022,,Public,US National Park Service,,,7b729f61-4805-4993-b70a-8d44e3c318aa,2011-03-18T08:46:04.000Z,2016-05-09T17:15:02.000Z,7.53728661243996e-05,0.100848093602335
6,LM100093,AP128363,School - Private/Other,Woodward Academy North,6565,,,,,Boles,Road,,,Johns Creek,GA,30097,,Private,,,,4c1968d8-5a25-44ae-9772-ecd2b3f7a5be,2012-05-18T12:19:07.000Z,2013-05-29T12:11:32.000Z,1.27897791582265e-05,0.0173986136147621
7,LM100005,AP128110,Park - State/Federal,Chattahoochee River National Recreation Area - Abbotts Bridge,0,,,,,Boles,Road,,,Johns Creek,GA,30022,,Public,US National Park Service,,,a1d0854e-af0d-4e11-ad66-db41c6464f26,2011-03-18T08:46:04.000Z,2017-06-27T18:32:34.000Z,3.99053185692577e-05,0.0502465075531039
8,LM100007,AP128424,Park - State/Federal,Chattahoochee River National Recreation Area - McGinnis Ferry,0,,,,,McGinnis Ferry,Road,,,Johns Creek,GA,30022,,Public,US National Park Service,,,affdd3ac-aefc-4674-9c31-6f69de7a4933,2011-03-18T08:46:04.000Z,2014-11-13T08:57:48.000Z,6.37089097631822e-05,0.0645754500481004
9,LM100006,AP108774,Park - Local,Shakerag Park,10945,,,,,Roger,Circle,,,Johns Creek,GA,30022,,Public,Johns Creek,,,63a41a2e-dab6-448e-a12d-9f14bcf114ed,2011-03-18T08:46:04.000Z,2014-11-13T08:57:49.000Z,2.63975645529851e-05,0.0411095515188968
10,LM100023,AP101626,School - Middle,River Trail Middle School,10795,,,,,Rogers,Circle,,,Johns Creek,GA,30097,,Public,Fulton County,,,c20a4740-a4c3-4af1-8de9-b572c204d2a2,2011-03-18T11:34:48.000Z,2014-04-07T12:02:58.000Z,1.15849804217426e-05,0.0146588192865902
11,LM100021,AP108360,School - Elementary,Shakerag Elementary School,10885,,,,,Rogers,Circle,,,Johns Creek,GA,30097,,Public,Fulton County,,,b96e293b-67a0-46ed-8aff-e71c39a8bcb2,2011-03-18T11:30:49.000Z,2014-04-07T12:02:58.000Z,1.43179051757109e-05,0.0150589758185574
12,LM100012,AP108350,Fire Department,Fire Station #62,10945,,,,,Roger,Circle,,,Johns Creek,GA,30022,,Public,Johns Creek,,,703e0e58-ec97-4235-ab58-92c63853bfa8,2011-03-18T10:26:04.000Z,2014-04-07T12:02:58.000Z,3.50318930363893e-07,0.00267081428182266
13,LM100008,AP109599,Library,Northeast / Spruill Oaks Library,9560,,,,,Spruill,Road,,,Johns Creek,GA,30022,,Public,Fulton County,,,369e13db-1b41-4feb-bfff-e120b0e8793e,2011-03-18T10:00:45.000Z,2014-04-07T12:02:58.000Z,2.36556247769183e-06,0.00649701332571415
14,LM100009,AP109601,Library,Dr. Robert E. Fulton Regional Library at Ocee,5090,,,,,Abbotts Bridge,Road,,,Johns Creek,GA,30005,,Public,Fulton County,,,6fee6a82-42d2-4829-bfad-36bf3392dff0,2011-03-18T10:05:51.000Z,2014-04-07T12:02:58.000Z,1.17788878557341e-06,0.00498673661776716
15,LM100035,AP109478,Shopping Center,,11600,,,,,Medlock Bridge,Road,,,Johns Creek,GA,30097,,Private,,,,61f4fb1d-8d08-4a80-9485-fbe56edac352,2011-03-18T13:06:47.000Z,2013-05-29T12:17:17.000Z,1.41270333428135e-06,0.00485334825675498
16,LM100011,AP128425,Fire Department,Fire Station #61,10265,,,,,Medlock Bridge,Parkway,,,Johns Creek,GA,30097,,Public,Johns Creek,,,5ff73dd9-04f3-4e35-947e-85893e17c9d7,2011-03-18T10:23:01.000Z,2014-04-07T12:02:58.000Z,9.86425157770833e-07,0.0042335927203678
17,LM100028,AP108359,School - Elementary,Medlock Bridge Elementary School,10215,,,,,Medlock Bridge,Parkway,,,Johns Creek,GA,30022,,Public,Fulton County,,,22c1a9d4-1169-4d36-a468-ff19e35f23e1,2011-03-18T11:58:38.000Z,2014-04-07T12:02:58.000Z,6.24083487399055e-06,0.0115042490694735
18,LM100013,AP104564,Fire Department,Fire Station #63,3165,,,,,Old Alabama,Road,,,Johns Creek,GA,30022,,Public,Johns Creek,,,214071f1-7987-4417-8658-9abe642e8735,2011-03-18T10:29:44.000Z,2014-04-07T12:02:58.000Z,5.46143003283112e-07,0.00296745043118683
19,LM100064,AP108380,Shopping Center,Haynes Bridge Village,9925,,,,,Haynes Bridge,Road,,,Johns Creek,GA,30022,,Private,,,,cd6e05d5-f574-41a9-a1a6-00686d178407,2011-03-18T13:06:49.000Z,2013-05-29T12:19:05.000Z,5.32599732025277e-06,0.0103243157513042
20,LM100015,AP127778,Municipal Court,Johns Creek Municipal Court,11445,,,,,Johns Creek ,Parkway,,,Johns Creek,GA,30097,,Public,Johns Creek,,,cbdb5607-2795-4499-835d-b8bb04fee03f,2011-03-18T10:34:27.000Z,2014-04-07T12:02:58.000Z,1.36872127384271e-06,0.00465172027790054
21,LM100014,AP127779,Police Station,Johns Creek Police Department,11445,,,,,Johns Creek,Parkway,,,Johns Creek,GA,30097,,Public,Johns Creek,,,90d1899e-447c-4a35-bef9-e6f877c06123,2011-03-18T10:34:20.000Z,2014-04-07T12:02:58.000Z,1.36872127384271e-06,0.00465172027790054
22,LM100017,AP108659,School - Middle,Taylor Road Middle School,5150,,,,,Taylor,Road,,,Johns Creek,GA,30022,,Public,Fulton County,,,b3d7f20c-c8e8-486a-903e-35f26f1c3544,2011-03-18T10:49:51.000Z,2014-04-07T12:02:58.000Z,1.50780772567156e-05,0.0158770601075034
23,LM100016,AP106837,School - High,Chattahoochee High School,5230,,,,,Taylor,Road,,,Johns Creek,GA,30022,,Public,Fulton County,,,4673aa93-f151-4747-af10-982959d808f1,2011-03-18T10:49:29.000Z,2014-11-04T00:00:00.000Z,1.47198315916449e-05,0.0155809658043222
24,LM100018,AP106629,School - High,Johns Creek High School,5575,,,,,State Bridge,Road,,,Johns Creek,GA,30022,,Public,Fulton County,,,5413c2fa-6476-4082-9087-4d7dcc370501,2011-03-18T10:55:15.000Z,2014-04-07T12:02:58.000Z,1.90309311316152e-05,0.0207379682880165
25,LM100050,AP123702,Shopping Center,State Bridge Shopping Center,5779,,,,,State Bridge,Road,,,Johns Creek,GA,30022,,Private,,,,e621d25c-26c2-43ab-acd7-3eea3e25852d,2011-03-18T13:06:48.000Z,2013-05-29T12:22:54.000Z,4.10733136147161e-07,0.00248284637461603
26,LM100045,AP106439,Shopping Center,Shops of Warsaw,9810,,,,,Medlock Bridge,Road,,,Johns Creek,GA,30097,,Private,,,,db82f41e-3024-4f6b-bced-c1fbfed028e9,2011-03-18T13:06:48.000Z,2013-05-29T12:22:50.000Z,7.13556803032542e-07,0.00359420024710031
27,LM100044,AP123707,Shopping Center,Fairway Plaza,9730,,,,,Medlock Bridge,Road,,,Johns Creek,GA,30097,,Private,,,,e3e2ef2f-1794-4173-950a-4ed012f981fd,2011-03-18T13:06:48.000Z,2013-05-29T12:22:53.000Z,5.49847500196542e-07,0.00304195672893275
28,LM100019,AP107256,School - High,Northview High School,10625,,,,,Parsons,Road,,,Johns Creek,GA,30097,,Public,Fulton County,,,2a8deb0e-9800-44cb-8bf7-bb3d7d2b8d1f,2011-03-18T11:00:40.000Z,2014-04-07T12:02:58.000Z,2.85706825071033e-05,0.0295949743463364
29,LM100020,AP108361,School - Middle,Autrey Mill Middle School,4110,,,,,Old Alabama,Road,,,Johns Creek,GA,30022,,School,Fulton County,,,40730f26-97e1-48bf-997e-76ac7a9f7858,2011-03-18T11:07:07.000Z,2016-01-19T19:59:56.000Z,9.81214951289083e-06,0.0141448722110927
30,LM100024,AP122261,School - Elementary,Abbotts Hill Elementary School,5575,,,,,Abbotts Bridge,Road,,,Johns Creek,GA,30097,,Public,Fulton County,,,e3e9e681-2336-4680-9468-8819372f7372,2011-03-18T11:41:28.000Z,2014-04-07T12:02:58.000Z,1.29372099934527e-05,0.0149956581370702
31,LM100027,AP124286,School - Elementary,Findley Oaks Elementary School,5880,,,,,Findley Chase,Drive,,,Johns Creek,GA,30097,,Public,Johns Creek,,,70350d05-a544-4a39-84e2-a4f2d58ebea3,2011-03-18T11:50:07.000Z,2014-04-07T12:02:58.000Z,6.41013590238856e-06,0.0106567799708786
32,LM100030,AP108723,School - Elementary,State Bridge Crossing Elementary School,5530,,,,,State Bridge,Road,,,Johns Creek,GA,30022,,Public,Fulton County,,,8f8f34b4-fc95-49d7-87a5-bcdb085c1a8d,2011-03-18T12:07:27.000Z,2014-04-07T12:02:58.000Z,1.01783301173878e-05,0.0131351408928289
33,LM100031,AP108724,School - Elementary,Wilson Creek Elementary School,6115,,,,,Wilson,Road,,,Johns Creek,GA,30097,,Public,Fulton County,,,15e38c00-385d-448d-aa44-6b0187b52ec4,2011-03-18T12:20:34.000Z,2014-04-07T12:02:58.000Z,8.71177023193398e-06,0.0123502524975972
34,LM100085,AP108717,Shopping Center,Ivy Falls,10475,,,,,Medlock Bridge,Road,,,Johns Creek,GA,30097,,Private,,,,3e440c2f-dd55-4397-8707-1d9d63716286,2011-03-24T00:00:00.000Z,2013-05-29T12:30:37.000Z,3.86118924146609e-06,0.0100757749215825
35,LM100032,AP107979,Hospital,Emory Johns Creek Hospital,6325,,,,,Hospital,Parkway,,,Johns Creek,GA,30097,,Private,Emory University,,,d259dc2a-117e-480d-a220-30167a07dbf7,2011-03-18T12:45:32.000Z,2016-06-20T14:33:45.000Z,2.65679153012047e-05,0.0256121362133482
36,LM100033,AP113422,Hospital,Northside Urgent Care,11180,,,,,State Bridge,Road,,,Johns Creek,GA,30022,,Private,,,,de4fc73c-b9e2-4f39-b3bd-f71dd1e05feb,2011-03-18T12:54:20.000Z,2013-05-29T12:33:28.000Z,1.29200657823132e-07,0.00145268263938343
37,LM100029,AP108686,School - Elementary,Ocee Elementary School,4375,,,,,Kimball Bridge,Road,,,Johns Creek,GA,30022,,Public,Fulton County,,,8602024b-0a00-4955-802c-1bef8d104eef,2011-03-18T12:02:06.000Z,2014-04-07T12:02:58.000Z,7.31797812783945e-06,0.0109718367904633
38,LM100095,,Shopping Center,Northwoods Office Condos,,,,,,,,,,,GA,,,,,,,a567c98e-e047-4cf7-8cb3-cf63ae4e7e6d,2013-05-29T12:33:28.000Z,2013-05-29T12:35:06.000Z,1.10244508717701e-06,0.00628350885378719
39,LM100078,AP106680,Shopping Center,The Terraces at Johns Creek,6375,,,,,McGinnis Ferry,Road,,,Johns Creek,GA,30097,,Private,,,,9b548dcd-bf49-4f66-82c0-219ae31e6307,2011-03-18T13:06:49.000Z,2013-05-29T12:36:23.000Z,1.19699426561856e-06,0.00501532599236437
40,LM100034,AP126948,Shopping Center,Johns Creek Village,11720,,,,,Medlock Bridge,Road,,,Johns Creek,GA,30097,,Private,,,,58cc306d-5039-45e6-9b65-58e8e92ecd1b,2011-03-18T13:06:47.000Z,2013-05-29T12:36:20.000Z,7.98378257088923e-06,0.011306524053083
41,LM100036,AP106315,Shopping Center,Johns Creek Walk,11030,,,,,Medlock Bridge,Road,,,Johns Creek,GA,30097,,Private,,,,c06a5a81-1c93-4680-86b3-492339d08400,2011-03-18T13:06:47.000Z,2013-05-29T12:40:31.000Z,2.45235029490825e-06,0.00684912182780038
42,LM100037,AP125032,Shopping Center,Medlock Promenade,10900,,,,,Medlock Bridge,Road,,,Johns Creek,GA,30097,,Private,,,,fd3a97a7-86ba-4c9e-bc5f-4d01e6d1b9fe,2011-03-18T13:06:47.000Z,2016-06-01T15:52:21.000Z,2.84630762819886e-06,0.00848747028551816
43,LM100038,AP126842,Shopping Center,Abbotts Bridge Station,10820,,,,,Abbotts Bridge,Road,,,Johns Creek,GA,30097,,Private,,,,8817b176-3e4f-4f46-8b6f-79c6822624a4,2011-03-18T13:06:48.000Z,2013-05-29T12:43:56.000Z,7.18814688894283e-06,0.0111687815451227
44,LM100039,AP108733,Shopping Center,Ivy Village,10450,,,,,Medlock Bridge,Road,,,Johns Creek,GA,30097,,Private,,,,bbd3062d-5fdf-4143-88fc-f38522fb6373,2011-03-18T13:06:48.000Z,2013-05-29T12:45:19.000Z,1.09812115822849e-06,0.00426339307539135
45,LM100042,AP125514,Shopping Center,Medlock Village Shopping Center,10350,,,,,Medlock Bridge,Road,,,Johns Creek,GA,30097,,Private,,,Also includes 10360 Medlock Bridge Rd,1b02f789-0445-4a86-a3ea-cee35bfe1cfa,2011-03-18T13:06:48.000Z,2016-02-08T16:29:47.000Z,1.21866935103733e-06,0.00630888643773005
46,LM100041,AP125524,Shopping Center,Bella Palazzo,10305,,,,,Medlock Bridge,Road,,,Johns Creek,GA,30097,,Private,,,,1a58d145-472a-4709-bfa5-cdc9badbcad8,2011-03-18T13:06:48.000Z,2013-05-29T12:46:18.000Z,2.63109284876471e-06,0.00735487230414171
47,LM100046,AP128428,Shopping Center,Medlock Corners,5805,,,,,State Bridge,Road,,,Johns Creek,GA,30097,,Private,,,,266ea73f-c9d2-442a-a5ed-c36a26db7489,2011-03-18T13:06:48.000Z,2015-07-17T00:00:00.000Z,1.0751615607023e-05,0.016579834371259
48,LM100082,AP106549,Shopping Center,Riverwalk Marketplace,5945,,,,,State Bridge,Road,,,Johns Creek,GA,30022,,Private,,,,c8d0c457-efd5-41e1-818b-51266f607e38,2011-03-23T00:00:00.000Z,2015-07-17T00:00:00.000Z,3.20498818273717e-06,0.00754230977761144
49,LM100047,AP123767,Shopping Center,State Bridge Corners,5950,,,,,State Bridge,Road,,,Johns Creek,GA,30097,,Private,,,Includes 9775 Medlock Bridge Road,e43e32b3-d64b-44a2-a287-785e879aeab2,2011-03-18T13:06:48.000Z,2016-02-08T16:33:20.000Z,1.69324979776348e-05,0.0176588813393883
50,LM100049,AP123661,Shopping Center,Medlock Crossing,9700,,,,,Medlock Bridge,Road,,,Johns Creek,GA,30097,,Private,,,,dffc677d-a196-4396-9f1d-a7ab027a4361,2011-03-18T13:06:48.000Z,2013-05-29T12:48:48.000Z,8.918458657007e-06,0.0122990148396342
51,LM100091,AP123756,School - Private/Other,Perimeter School,9500,,,,,Medlock Bridge,Road,,,Johns Creek,GA,30097,,Private,,,,3d618f5b-57b5-41a4-935c-3c282c6bc80b,2012-05-18T12:23:57.000Z,2015-02-13T10:16:36.000Z,2.60644352599503e-05,0.022690711449317
52,LM100090,AP123784,Golf Course,Atlanta Athletic Club,1930,,,,,Bobby Jones,Drive,,,Johns Creek,GA,30097,,Private,,2010 imagery,,84041ed4-aa6f-4912-9926-0ac74b30b5ce,2011-04-22T11:30:19.000Z,2013-05-29T12:50:00.000Z,0.000181794416958802,0.074539521266214
53,LM100051,AP108658,Shopping Center,Johns Creek Center for the Arts & Design,10700,,,,,Jones Bridge,Road,,,Johns Creek,GA,30022,,Private,,,,16837129-e0d4-4d00-92cf-a6fdeee77db7,2011-03-18T13:06:48.000Z,2013-05-29T12:50:34.000Z,2.42156390211303e-06,0.00675908870097371
54,LM100052,AP115466,Shopping Center,North Bridges,10955,,,,,Jones Bridge,Road,,,Johns Creek,GA,30022,,Private,,,,122c536a-03d6-4530-94a5-e645fcd82199,2011-03-18T13:06:48.000Z,2015-08-10T00:00:00.000Z,6.38524799566909e-06,0.0124016123190777
55,LM100053,AP113818,Shopping Center,Johns Creek Shopping Center,10875,,,,,Jones Bridge,Road,,,Johns Creek,GA,30022,,Private,,,,2175ca5f-55c4-43bb-b601-e4021737a593,2011-03-18T13:06:48.000Z,2013-05-29T13:28:11.000Z,1.38510957245089e-06,0.00500120082143812
56,LM100056,AP113924,Shopping Center,Tadka Square,11105,,,,,State Bridge,Road,,,Johns Creek,GA,30022,,Private,,,Includes 10995 State Bridge Road,cda8eee5-b915-405d-b070-325a592c8a0d,2011-03-18T13:06:48.000Z,2016-02-08T16:56:50.000Z,5.15569866046743e-06,0.0096099135664444
57,LM100054,AP115498,Shopping Center,Saddle Brook,10945,,,,,State Bridge,Road,,,Johns Creek,GA,30022,,Private,,,,69732fc8-2efc-46ee-aa57-dcd683183269,2011-03-18T13:06:48.000Z,2015-02-11T11:44:30.000Z,5.68208135951648e-06,0.010325935393554
58,LM100057,AP113504,Shopping Center,State Bridge Centre,11164,,,,,State Bridge,Road,,,Johns Creek,GA,30022,,Private,,,,a8aacd6e-d529-4cdb-a149-ac28cbba12b9,2011-03-18T13:06:48.000Z,2013-05-29T13:30:21.000Z,6.40019486296749e-07,0.00321859702386259
59,LM100058,AP113400,Shopping Center,The Grand Pavilion at North Fulton,11130,,,,,State Bridge,Road,,,Johns Creek,GA,30022,,Private,,,,84f82725-1142-4a40-a4d9-64d61ae9385e,2011-03-18T13:06:48.000Z,2013-05-29T13:30:18.000Z,3.20203409174928e-06,0.00925101365285055
60,LM100059,AP106331,Shopping Center,Carlyle Commons,10970,,,,,State Bridge,Road,,,Johns Creek,GA,30022,,Private,,,Includes 10990 State Bridge Road,bd9c45bc-b00b-43ce-bde7-e06d75a6f4f8,2011-03-18T13:06:48.000Z,2016-02-08T16:56:04.000Z,3.45222246258424e-06,0.0103410952263476
61,LM100061,AP106527,Shopping Center,Shops at Jones Bridge,9950,,,,,Jones Bridge,Road,,,Johns Creek,GA,30022,,Private,,,,beaaebbb-d350-4211-9381-a4213b71bddd,2011-03-18T13:06:49.000Z,2013-05-29T13:31:26.000Z,8.12919862063012e-07,0.00367943441746475
62,LM100062,AP108523,Shopping Center,Jones Bridge Promenade,9945,,,,,Jones Bridge,Road,,,Johns Creek,GA,30022,,Private,,,,51ca71d4-daf2-41b5-a015-04db9dedbb0e,2011-03-18T13:06:49.000Z,2013-05-29T13:31:53.000Z,2.75673932098071e-06,0.00778548879566617
63,LM100063,AP110368,Shopping Center,Camden Village,3719,,,,,Old Alabama,Road,,,Johns Creek,GA,30022,,Private,,,,cc682129-898c-4199-9432-8e1ee0f298fc,2011-03-18T13:06:49.000Z,2013-05-29T13:32:26.000Z,2.17446226546873e-06,0.00631520699311966
64,LM100065,AP100669,Shopping Center,Haynes Market,3000,,,,,Haynes Bridge,Road,,,Johns Creek,GA,30022,,Private,,,,432e19ee-e75f-4081-97c3-667c1457be5c,2011-03-18T13:06:49.000Z,2013-05-29T13:33:04.000Z,6.50905174203801e-06,0.0114092369288015
65,LM100066,AP109029,Shopping Center,Old Alabama Square,3005,,,,,Old Alabama,Road,,,Johns Creek,GA,30022,,Private,,,,6debc2d8-ebe5-4f45-8245-73f47623a5c6,2011-03-18T13:06:49.000Z,2013-05-29T13:33:42.000Z,6.22725853994136e-06,0.0119864522302186
66,LM100094,AP100498,School - Private/Other,Mount Pisgah Christian School,9820,,,,,Nesbit Ferry,Road,,,Johns Creek,GA,30022,,Private,,,,05d6b878-1b73-422a-8b5c-02d32e7322a0,2012-05-18T12:28:19.000Z,2015-02-10T16:37:30.000Z,4.82340631732527e-06,0.0106855291625075
67,LM100067,AP103764,Shopping Center,Nesbit Ferry Crossing,9850,,,,,Nesbit Ferry,Road,,,Johns Creek,GA,30022,,Private,,,,f8198e8c-9ae1-470e-896a-68688e77f6f2,2011-03-18T13:06:49.000Z,2015-02-13T08:53:19.000Z,2.41630953597705e-06,0.00680065035484897
68,LM100068,AP102286,Shopping Center,Rivermont Station,8465,,,,,Holcomb Bridge,Road,,,Johns Creek,GA,30022,,Private,,,,85a1f192-5a1f-480a-ad1b-ea04dcfdaa2d,2011-03-18T13:06:49.000Z,2013-05-29T13:35:17.000Z,1.21758746494014e-05,0.0177990731479341
69,LM100069,AP108713,Shopping Center,Abbotts Village at Ocee,11585,,,,,Jones Bridge,Road,,,Johns Creek,GA,30022,,Private,,,,98d8bdc8-5b04-4527-b222-fe30cb8d3e45,2011-03-18T13:06:49.000Z,2013-05-29T13:35:59.000Z,5.60823273930658e-06,0.0106130076315001
70,LM100070,,Shopping Center,Ocee Plaza,11550,,,,,Jones Bridge,Road,,,Johns Creek,GA,30022,,Private,,,,86caa7fa-e4b9-4856-9628-d13f7ec97fb4,2011-03-18T13:06:49.000Z,2013-05-29T13:36:22.000Z,1.09003550587028e-06,0.00451119657188276
71,LM100072,AP106320,Shopping Center,Addison Plaza,11765,,,,,Jones Bridge,Road,,,Johns Creek,GA,30022,,Private,,,,053fb884-74b8-4d3d-aa86-6e3b5481b473,2011-03-18T13:06:49.000Z,2013-05-29T13:37:14.000Z,4.81815595408665e-07,0.00277221417838911
72,LM100073,AP107517,Shopping Center,Shoppes at Jones Bridge,11730,,,,,Jones Bridge,Road,,,Johns Creek,GA,30005,,Private,,,,6f5d5385-f1ac-4c13-80b3-d455d38d7c3b,2011-03-18T13:06:49.000Z,2013-05-29T13:37:10.000Z,4.16229599434263e-07,0.00262676694188731
73,LM100071,AP106413,Shopping Center,,11705,,,,,Jones Bridge,Road,,,Johns Creek,GA,30005,,Private,,,,71626504-bcb1-4bec-911c-2bacc5fd1095,2011-03-18T13:06:49.000Z,2013-05-29T13:37:12.000Z,2.48644903116466e-06,0.00655983985015126
74,LM100074,AP117369,Shopping Center,Windward Village,11877,,,,,Douglas,Road,,,Johns Creek,GA,30005,,Private,,,,77d28fe1-328d-4a61-94e1-03241a859608,2011-03-18T13:06:49.000Z,2016-06-08T13:12:39.000Z,5.55314307282864e-06,0.00953983180079343
75,LM100077,AP119260,Shopping Center,Jones Bridge Triangle,11875,,,,,Jones Bridge,Road,,,Johns Creek,GA,30005,,Private,,,,654d0cd8-12ea-46bf-a5d4-15a63daa8530,2011-03-18T13:06:49.000Z,2013-05-29T13:39:13.000Z,3.5071342163254e-06,0.0108644068443078
76,LM100075,AP119433,Shopping Center,Shoppes at Douglas,11890,,,,,Douglas,Road,,,Johns Creek,GA,30005,,Private,,,,72510f5e-c354-4ba3-9c32-a3f44d44a250,2011-03-18T13:06:49.000Z,2013-05-29T13:40:02.000Z,4.66406131459323e-07,0.00330147818929116
77,LM100076,AP106387,Shopping Center,Seven Winds,11950,,,,,Jones Bridge,Road,,,Johns Creek,GA,30005,,Private,,,,fecf1822-968f-475f-bc5c-ac99c3aac246,2011-03-18T13:06:49.000Z,2013-05-29T13:40:00.000Z,1.90677931548649e-06,0.00614720251759599
78,LM100080,,Golf Course,Rivermont Golf and Country Club,,,,,,Rivermont Golf and Country Club,,,,,GA,,,,,,,e363d0ef-a4d2-4ad1-bfec-f5c6d07a9f1a,2011-03-18T13:14:57.000Z,2013-05-29T13:42:52.000Z,6.79867042711817e-05,0.12760449602273
79,LM100083,AP122947,Shopping Center,Edwin Watts Golf,10070,,,,,Medlock Bridge,Road,,,Johns Creek,GA,30097,,Private,,,,0c2d4e1c-d88b-4a07-9ecf-71ab9788c622,2011-03-23T00:00:00.000Z,2013-05-29T13:44:01.000Z,6.2427997964368e-07,0.00358802853948587
80,LM100087,AP115510,Shopping Center,Gymboree Center,11005,,,,,Jones Bridge,Road,,,Johns Creek,GA,30022,,Private,,,,3fdefb57-b9ed-41f9-bf1b-662906801ae0,2011-03-29T00:00:00.000Z,2015-02-11T11:44:07.000Z,1.52706480767527e-06,0.00558926362142778
81,LM100089,AP128434,Shopping Center,Lakefield Center at Johns Creek,6955,,,,,McGinnis Ferry,Road,,,Johns Creek,GA,30097,,,,,,e4e5b82f-1839-42b3-b35c-aeeaaf42b2a9,2011-03-31T12:10:11.000Z,2013-05-29T13:45:38.000Z,1.61122279327727e-06,0.00549392463922789
82,LM100043,AP106312,Shopping Center,Medlock Bridge,6000,,,,,Medlock Bridge,Parkway,,,Johns Creek,GA,30097,,Private,,,,f2bcbfb0-2386-4b5d-ab3c-06b6a1c5bf2a,2011-03-18T13:06:48.000Z,2016-06-01T17:29:16.000Z,7.49019991284454e-06,0.0120794016743957
83,LM100096,AP133634,Park - Local,Future Bell-Boles Park,10575,,,,,Bell,Road,,,Johns Creek,GA,30097,,Public,Johns Creek,,,04dab02e-c3fd-4eed-99be-2609a3524d48,2014-04-07T11:57:09.000Z,2018-02-28T19:04:46.000Z,9.19941429157487e-07,0.00492974068496789
84,LM100097,AP136085,Park - Local,Future State Bridge Park,10610,,,,,State Bridge,Road,,,Johns Creek,GA,30022,,Johns Creek,Johns Creek,,,543cc532-8876-4caf-a1d3-556c05d5e14b,2014-04-07T11:57:57.000Z,2018-02-28T19:04:49.000Z,1.90250954233145e-06,0.00740833702564726
85,LM100026,AP112395,School - Elementary,Dolvin Elementary School,10495,,,,,Jones Bridge,Road,,,Johns Creek,GA,30022,,,Fulton County,,,d0c26eed-5364-4202-9d95-6ac8e904cc77,2011-03-18T11:45:58.000Z,2014-10-16T00:00:00.000Z,9.70871695588869e-06,0.0135470292100045
86,LM100025,AP111914,School - Elementary,Barnwell Elementary School,9425,,,,,Barnwell,Road,,,Johns Creek,GA,30022,,Public,Fulton County,LDP2013-08 Rev1,,d35b2cab-d93b-441f-b4b3-300553001636,2011-03-18T11:43:52.000Z,2014-10-29T00:00:00.000Z,8.36753179002634e-06,0.0121476665690058
87,LM100098,AP128870,Park - Local,Future Morton Road Park,4860,,East,,,Morton,Road,,,Johns Creek,GA,30022,5693,Johns Creek,Johns Creek,,,07bb12d4-443f-4a2f-a619-ce6d7dd0138a,2015-11-25T15:37:26.000Z,2018-02-28T19:04:51.000Z,1.67086552333065e-06,0.00617439258615832
88,LM100099,AP114629,Golf Course,River Pines Golf Course,4775,,,,,Old Alabama,Road,,,Johns Creek,GA,30022,5538,Private,,Parcel layer,,8644aa82-c1f5-4ce7-9cff-e0b46a58b858,2015-12-10T15:36:36.000Z,2015-12-10T15:44:17.000Z,7.15731510487319e-05,0.0339388769598485
89,LM100100,AP110814,Golf Course,Country Club of the South,4100,,,,,Old Alabama,Road,,,Johns Creek,GA,30022,8615,Private,,Parcels,,0c2cc08d-e2d3-4118-a90a-fb1167113d6f,2015-12-10T15:41:19.000Z,2015-12-10T15:44:24.000Z,6.72514928280943e-05,0.166611233004195
90,LM100103,AP107584,Park - Local,Future Linear Lakes Park,11455,,,,,Medlock Bridge,Road,,,Johns Creek,GA,30097,1688,,,,,03314fa4-c21d-4a2a-89e3-30a0d7dcda21,2016-01-27T14:50:48.000Z,2018-02-28T19:05:04.000Z,7.50654991745085e-06,0.0246585097504423
91,LM100102,AP108784,Park - Local,,6460,,East,,,Johns,Crossing,,,Johns Creek,GA,30097,1552,Johns Creek,Johns Creek,,,a3eea2ca-ef66-43f1-8134-9d7dc1cbc0bd,2016-01-27T14:50:48.000Z,2016-01-27T14:55:14.000Z,5.52577812889256e-07,0.00298321894720828
92,LM100108,AP113830,Shopping Center,,10800,,,,,Jones Bridge,Road,,,Johns Creek,GA,30022,,Private,,Code enforcement,,8fe60582-f9f8-4ab7-b091-686e1374618b,2016-02-08T16:23:45.000Z,2018-02-28T19:07:19.000Z,3.32974897179371e-07,0.00246453062683602
93,LM100109,AP117376,Shopping Center,,5075,,,,,Abbotts Bridge,Road,,,Johns Creek,GA,30005,2510,Private,,Code enforcement,"Includes Dynamo Swim, Marco's, Childtime Preschool, etc.",7f10b84d-4cd6-43ed-9c4b-e24fe69c2529,2016-02-08T16:34:53.000Z,2018-02-28T19:07:23.000Z,2.07734118348703e-06,0.00703518763257745
94,LM100110,,Office Park,Parsons Meadow,10700,,,,,Medlock Bridge,Road,,,Johns Creek,GA,30097,8455,Private,,Code enforcement,Includes 10670-10750 Medlock Bridge Road,2c0cb429-6ecf-494c-a59b-8861a1f6a5e3,2016-02-08T16:41:52.000Z,2018-02-28T19:07:36.000Z,7.61617851847184e-06,0.0118045846547601
95,LM100111,AP123708,Shopping Center,,5725,,,,,State Bridge,Road,,,Johns Creek,GA,30022,6195,Private,,Code enforcement,"Includes Upscale Resale, etc. Adjacent to Pike",1f53068b-b6cc-48af-9587-ac74be774b01,2016-02-08T16:49:44.000Z,2018-02-28T19:07:38.000Z,1.2690645379495e-06,0.00459845020613307
96,LM100112,AP128493,Shopping Center,Johns Creek Promenade,11250,,,,,Medlock Bridge,Road,,,Johns Creek,GA,30097,,Private,,,,47f8e430-658c-40c2-8f9f-fc0720e1c739,2016-02-08T16:53:12.000Z,2018-02-28T19:07:41.000Z,1.99112644991303e-06,0.00572919478160029
97,LM100104,AP128480,Park - State/Federal,,7465,,,,,Bell,Road,,,Johns Creek,GA,30097,,Federal,US National Park Service,Parcel update from Fulton County,,3808e4a5-8e5f-409b-a63c-cda73922a7dd,2016-03-22T18:13:02.000Z,2016-03-22T18:17:40.000Z,1.68693447393828e-05,0.029322412857485
98,LM100105,AP106932,Government Office,Atlanta - Fulton County Water Treatment Plant,9750,,,,,Spruill,Road,,,Johns Creek,GA,30022,8616,Fulton County,Fulton County,Parcels,,a9ec0cef-ecb4-46e9-8dbf-c42de9d5f5fa,2017-04-24T13:38:51.000Z,2017-04-24T13:45:10.000Z,0.000107500726223103,0.0427544126787782
99,LM100010,AP108731,Government Office,Johns Creek City Hall (Temporary Location),10700,,,,,Abbotts Bridge,Road,,,Johns Creek,GA,30097,,Public,Johns Creek,,Temporary City Hall location for staff (meetings to be held at Municipal Court),5cad2e37-5027-43a7-ab61-8402db79b216,2017-08-11T19:40:18.000Z,2017-08-11T19:40:18.000Z,1.13666137914008e-06,0.00524628872153191
100,LM100010,AP107515,Government Office,Johns Creek City Hall (Under Construction),11360,,,,,Lakefield,Drive,,,Johns Creek,GA,30097,,Public,Johns Creek,,Location currently under construction,3c13daa6-7f08-4abc-a171-18a30af3e886,2017-08-11T19:40:18.000Z,2017-08-11T19:41:22.000Z,2.61175059622371e-06,0.00684321018351013
101,LM100107,AP136687,Golf Course,Heisman Field,9300,,,,,Medlock Bridge,Road,,,Johns Creek,GA,30097,,Private,,Added for LDP2014-12,Development address for LDP2014-12,935b0eea-ea09-4b4a-9cc4-cffe1c3769a8,2017-12-28T14:54:19.000Z,2017-12-28T14:59:36.000Z,3.00076967023027e-05,0.0262880251801846
102,LM100113,,Golf Course,St. Ives Country Club,1,,,,,Saint Ives Country Club,Drive,,,Johns Creek,GA,30097,5926,Private,,,,f9ae89d0-6fab-4f99-bf52-b3ceaa33d646,2018-02-28T19:06:29.000Z,2018-02-28T19:10:03.000Z,8.30083690326707e-05,0.184472971962506
103,LM100081,,Golf Course,The Standard Club,,,,,,,,,,,GA,,,,,,,2b562d73-ee66-45d2-9997-11ef359ab1ee,2011-03-18T13:16:49.000Z,2018-06-11T13:07:37.000Z,0.000107366734690567,0.0544730784116574
104,LM100101,AP103791,Park - Local,Future Cauley Creek Park,7255,,,,,Bell,Road,,,Johns Creek,GA,30097,1811,Johns Creek,Johns Creek,Surveyor CAD file,,1ddebf55-08de-470e-a86a-f9eb0968e441,2017-06-27T18:25:11.000Z,2018-03-21T13:40:09.000Z,7.56391676404062e-05,0.0522988026322811
